latitude,longitude,flu_season,mean_temp_C,mean_humidity_percent,days_observed,mean_temp_F
40.5795,-74.1502,2010,7.332510288,69.75308642,243,45.19851852
40.5795,-74.1502,2011,6.319341564,69.90534979,243,43.37481481
40.5795,-74.1502,2012,8.948770492,69.56557377,244,48.10778689
40.5795,-74.1502,2013,6.863786008,70.17695473,243,44.35481481
40.5795,-74.1502,2014,5.402880658,68.93004115,243,41.72518519
40.5795,-74.1502,2015,5.633744856,68.218107,243,42.14074074
40.5795,-74.1502,2016,8.323770492,69.41803279,244,46.98278689
40.5795,-74.1502,2017,7.758847737,70.23868313,243,45.96592593
40.5795,-74.1502,2018,7.528806584,69.72016461,243,45.55185185
40.5795,-74.1502,2019,7.385185185,70.22222222,243,45.29333333
40.5795,-74.1502,2020,7.826229508,69.98360656,244,46.08721311
40.5795,-74.1502,2021,7.810699588,70.05349794,243,46.05925926
40.5795,-74.1502,2022,8.181893004,69.69958848,243,46.72740741
40.5795,-74.1502,2023,8.660082305,69.74485597,243,47.58814815
40.5795,-74.1502,2024,8.477459016,70.14754098,244,47.25942623
40.5795,-74.1502,2025,8.17037037,63.36213992,243,46.70666667
40.5795,-74.1502,2026,3.769677419,66.5483871,155,38.78541935
40.6782,-73.9442,2010,7.1,71.00411523,243,44.78
40.6782,-73.9442,2011,6.058436214,71.27160494,243,42.90518519
40.6782,-73.9442,2012,8.799590164,70.7704918,244,47.8392623
40.6782,-73.9442,2013,6.730452675,71.26748971,243,44.11481481
40.6782,-73.9442,2014,5.295061728,69.66666667,243,41.53111111
40.6782,-73.9442,2015,5.426337449,69.56790123,243,41.76740741
40.6782,-73.9442,2016,8.146721311,70.59836066,244,46.66409836
40.6782,-73.9442,2017,7.589711934,70.75308642,243,45.66148148
40.6782,-73.9442,2018,7.225102881,69.98353909,243,45.00518519
40.6782,-73.9442,2019,7.049382716,70.67078189,243,44.68888889
40.6782,-73.9442,2020,7.603278689,69.99590164,244,45.68590164
40.6782,-73.9442,2021,7.53909465,70.29218107,243,45.57037037
40.6782,-73.9442,2022,7.915226337,69.67901235,243,46.24740741
40.6782,-73.9442,2023,8.43909465,69.74897119,243,47.19037037
40.6782,-73.9442,2024,8.06147541,72.55327869,244,46.51065574
40.6782,-73.9442,2025,7.908641975,64.51440329,243,46.23555556
40.6782,-73.9442,2026,3.473548387,67.80645161,155,38.2523871
40.7282,-73.7949,2010,7.344032922,70.25102881,243,45.21925926
40.7282,-73.7949,2011,6.318930041,70.35390947,243,43.37407407
40.7282,-73.7949,2012,9.004098361,69.85245902,244,48.20737705
40.7282,-73.7949,2013,6.932921811,70.55144033,243,44.47925926
40.7282,-73.7949,2014,5.612345679,68.781893,243,42.10222222
40.7282,-73.7949,2015,5.679835391,68.8436214,243,42.2237037
40.7282,-73.7949,2016,8.348770492,69.92622951,244,47.02778689
40.7282,-73.7949,2017,7.58436214,69.95884774,243,45.65185185
40.7282,-73.7949,2018,7.017283951,70.07407407,243,44.63111111
40.7282,-73.7949,2019,6.811934156,70.15226337,243,44.26148148
40.7282,-73.7949,2020,7.387295082,70.01229508,244,45.29713115
40.7282,-73.7949,2021,7.374897119,69.8436214,243,45.27481481
40.7282,-73.7949,2022,7.70781893,69.6090535,243,45.87407407
40.7282,-73.7949,2023,8.267078189,69.61728395,243,46.88074074
40.7282,-73.7949,2024,7.970081967,72.07786885,244,46.34614754
40.7282,-73.7949,2025,7.556790123,66.27572016,243,45.60222222
40.7282,-73.7949,2026,3.171612903,69.44516129,155,37.70890323
40.7506561,-73.582905,2010,7.262139918,72.0617284,243,45.07185185
40.7506561,-73.582905,2011,6.244032922,72.30864198,243,43.23925926
40.7506561,-73.582905,2012,8.925409836,71.75,244,48.0657377
40.7506561,-73.582905,2013,6.86090535,72.68312757,243,44.34962963
40.7506561,-73.582905,2014,5.546090535,70.88888889,243,41.98296296
40.7506561,-73.582905,2015,5.531687243,71.32510288,243,41.95703704
40.7506561,-73.582905,2016,8.226639344,72.06147541,244,46.80795082
40.7506561,-73.582905,2017,7.460082305,71.61728395,243,45.42814815
40.7506561,-73.582905,2018,6.758024691,71.6255144,243,44.16444444
40.7506561,-73.582905,2019,6.582304527,71.49794239,243,43.84814815
40.7506561,-73.582905,2020,7.184016393,71.34016393,244,44.93122951
40.7506561,-73.582905,2021,7.226337449,70.81069959,243,45.00740741
40.7506561,-73.582905,2022,7.519753086,70.97119342,243,45.53555556
40.7506561,-73.582905,2023,8.058847737,70.92592593,243,46.50592593
40.7506561,-73.582905,2024,7.746721311,73.30327869,244,45.94409836
40.7506561,-73.582905,2025,7.144855967,68.65432099,243,44.86074074
40.7506561,-73.582905,2026,2.951612903,71.01935484,155,37.31290323
40.7831,-73.9712,2010,6.868312757,70.50617284,243,44.36296296
40.7831,-73.9712,2011,5.800411523,70.76131687,243,42.44074074
40.7831,-73.9712,2012,8.491393443,70.3852459,244,47.2845082
40.7831,-73.9712,2013,6.380246914,71.01234568,243,43.48444444
40.7831,-73.9712,2014,4.954320988,69.29218107,243,40.91777778
40.7831,-73.9712,2015,5.09218107,69.1399177,243,41.16592593
40.7831,-73.9712,2016,7.893852459,69.81557377,244,46.20893443
40.7831,-73.9712,2017,7.326337449,70.0781893,243,45.18740741
40.7831,-73.9712,2018,6.948971193,69.38271605,243,44.50814815
40.7831,-73.9712,2019,6.772016461,69.84773663,243,44.18962963
40.7831,-73.9712,2020,7.278278689,69.72540984,244,45.10090164
40.7831,-73.9712,2021,7.289711934,69.44444444,243,45.12148148
40.7831,-73.9712,2022,7.667489712,69.09876543,243,45.80148148
40.7831,-73.9712,2023,8.246502058,68.58024691,243,46.8437037
40.7831,-73.9712,2024,8.023360656,70.99590164,244,46.44204918
40.7831,-73.9712,2025,7.561728395,65.38271605,243,45.61111111
40.7831,-73.9712,2026,3.015483871,68.86451613,155,37.42787097
40.8448,-73.8648,2010,6.94526749,71.30041152,243,44.50148148
40.8448,-73.8648,2011,5.887654321,71.68312757,243,42.59777778
40.8448,-73.8648,2012,8.62295082,71.16393443,244,47.52131148
40.8448,-73.8648,2013,6.511934156,71.86831276,243,43.72148148
40.8448,-73.8648,2014,5.069958848,70.1399177,243,41.12592593
40.8448,-73.8648,2015,5.196296296,70.06584362,243,41.35333333
40.8448,-73.8648,2016,7.999590164,70.82786885,244,46.3992623
40.8448,-73.8648,2017,7.24526749,70.88477366,243,45.04148148
40.8448,-73.8648,2018,6.84526749,69.91358025,243,44.32148148
40.8448,-73.8648,2019,6.63744856,70.18106996,243,43.94740741
40.8448,-73.8648,2020,7.163934426,70.1147541,244,44.89508197
40.8448,-73.8648,2021,7.186419753,69.81481481,243,44.93555556
40.8448,-73.8648,2022,7.564609053,69.60493827,243,45.6162963
40.8448,-73.8648,2023,8.116872428,69.34156379,243,46.61037037
40.8448,-73.8648,2024,7.964754098,70.64754098,244,46.33655738
40.8448,-73.8648,2025,7.484773663,65.51440329,243,45.47259259
40.8448,-73.8648,2026,3.195483871,67.4,155,37.75187097
40.943554,-72.6922184,2010,7.462962963,71.89711934,243,45.43333333
40.943554,-72.6922184,2011,6.565843621,71.781893,243,43.81851852
40.943554,-72.6922184,2012,9.203688525,71.17622951,244,48.56663934
40.943554,-72.6922184,2013,7.173251029,72.34979424,243,44.91185185
40.943554,-72.6922184,2014,6.030452675,70.36625514,243,42.85481481
40.943554,-72.6922184,2015,5.888477366,71.56378601,243,42.59925926
40.943554,-72.6922184,2016,8.388934426,71.84016393,244,47.10008197
40.943554,-72.6922184,2017,7.76872428,71.0617284,243,45.9837037
40.943554,-72.6922184,2018,7.195061728,71.35802469,243,44.95111111
40.943554,-72.6922184,2019,6.867078189,71,243,44.36074074
40.943554,-72.6922184,2020,7.429098361,70.90983607,244,45.37237705
40.943554,-72.6922184,2021,7.607407407,70.73662551,243,45.69333333
40.943554,-72.6922184,2022,7.935802469,70.83127572,243,46.28444444
40.943554,-72.6922184,2023,8.498353909,70.97942387,243,47.29703704
40.943554,-72.6922184,2024,8.118852459,72.25,244,46.61393443
40.943554,-72.6922184,2025,7.694238683,66.9382716,243,45.84962963
40.943554,-72.6922184,2026,3.827096774,69.45806452,155,38.88877419
41.1527698,-73.745912,2010,5.88600823,70.83127572,243,42.59481481
41.1527698,-73.745912,2011,4.667901235,71.57201646,243,40.40222222
41.1527698,-73.745912,2012,7.456147541,70.8852459,244,45.42106557
41.1527698,-73.745912,2013,5.167901235,72.27572016,243,41.30222222
41.1527698,-73.745912,2014,3.867901235,69.90534979,243,38.96222222
41.1527698,-73.745912,2015,3.969547325,69.88888889,243,39.14518519
41.1527698,-73.745912,2016,6.818852459,70.39344262,244,44.27393443
41.1527698,-73.745912,2017,6.258847737,71.38683128,243,43.26592593
41.1527698,-73.745912,2018,5.888888889,71.02057613,243,42.6
41.1527698,-73.745912,2019,5.646502058,71.17283951,243,42.1637037
41.1527698,-73.745912,2020,6.238114754,70.66803279,244,43.22860656
41.1527698,-73.745912,2021,6.343209877,70.04938272,243,43.41777778
41.1527698,-73.745912,2022,6.684773663,70.04526749,243,44.03259259
41.1527698,-73.745912,2023,7.28600823,69.86419753,243,45.11481481
41.1527698,-73.745912,2024,7.02704918,72.91393443,244,44.64868852
41.1527698,-73.745912,2025,6.317283951,66.85185185,243,43.37111111
41.1527698,-73.745912,2026,1.982580645,68.60645161,155,35.56864516
41.1547851,-74.0247721,2010,5.935802469,70.64609053,243,42.68444444
41.1547851,-74.0247721,2011,4.788888889,71.17695473,243,40.62
41.1547851,-74.0247721,2012,7.555327869,70.49590164,244,45.59959016
41.1547851,-74.0247721,2013,5.304526749,71.63786008,243,41.54814815
41.1547851,-74.0247721,2014,3.86255144,69.58847737,243,38.95259259
41.1547851,-74.0247721,2015,4.03909465,69.38271605,243,39.27037037
41.1547851,-74.0247721,2016,6.971721311,69.34836066,244,44.54909836
41.1547851,-74.0247721,2017,6.280658436,70.61728395,243,43.30518519
41.1547851,-74.0247721,2018,5.824279835,69.71604938,243,42.4837037
41.1547851,-74.0247721,2019,5.581893004,70.30864198,243,42.04740741
41.1547851,-74.0247721,2020,6.192622951,69.72131148,244,43.14672131
41.1547851,-74.0247721,2021,6.368312757,68.81069959,243,43.46296296
41.1547851,-74.0247721,2022,6.697942387,68.7037037,243,44.0562963
41.1547851,-74.0247721,2023,7.326748971,67.62139918,243,45.18814815
41.1547851,-74.0247721,2024,7.060655738,71.80737705,244,44.70918033
41.1547851,-74.0247721,2025,6.322222222,66.76954733,243,43.38
41.1547851,-74.0247721,2026,1.961290323,68.71612903,155,35.53032258
41.4024096,-74.3062522,2010,5.765843621,71,243,42.37851852
41.4024096,-74.3062522,2011,4.64691358,71.27572016,243,40.36444444
41.4024096,-74.3062522,2012,7.482377049,69.84016393,244,45.46827869
41.4024096,-74.3062522,2013,5.13744856,71.24691358,243,41.24740741
41.4024096,-74.3062522,2014,3.630864198,69.25514403,243,38.53555556
41.4024096,-74.3062522,2015,3.971193416,68.44444444,243,39.14814815
41.4024096,-74.3062522,2016,6.948360656,68.18442623,244,44.50704918
41.4024096,-74.3062522,2017,6.004115226,70.66666667,243,42.80740741
41.4024096,-74.3062522,2018,5.311111111,69.88888889,243,41.56
41.4024096,-74.3062522,2019,5.161316872,70.57613169,243,41.29037037
41.4024096,-74.3062522,2020,5.761885246,69.69262295,244,42.37139344
41.4024096,-74.3062522,2021,5.886831276,69.83127572,243,42.5962963
41.4024096,-74.3062522,2022,6.042798354,69.82716049,243,42.87703704
41.4024096,-74.3062522,2023,6.765843621,68.67078189,243,44.17851852
41.4024096,-74.3062522,2024,6.822540984,72.54098361,244,44.28057377
41.4024096,-74.3062522,2025,5.93744856,66.39506173,243,42.68740741
41.4024096,-74.3062522,2026,1.474193548,69.21290323,155,34.65354839
41.4351,-73.7949,2010,4.998765432,70.65020576,243,40.99777778
41.4351,-73.7949,2011,3.746090535,71.4526749,243,38.74296296
41.4351,-73.7949,2012,6.605737705,70.32377049,244,43.89032787
41.4351,-73.7949,2013,4.304526749,71.70781893,243,39.74814815
41.4351,-73.7949,2014,2.8781893,69.67078189,243,37.18074074
41.4351,-73.7949,2015,3.086831276,69.28395062,243,37.5562963
41.4351,-73.7949,2016,6.031557377,68.99180328,244,42.85680328
41.4351,-73.7949,2017,5.348559671,71.50617284,243,41.62740741
41.4351,-73.7949,2018,4.811522634,72.43621399,243,40.66074074
41.4351,-73.7949,2019,4.603292181,72,243,40.28592593
41.4351,-73.7949,2020,5.240983607,71.48360656,244,41.43377049
41.4351,-73.7949,2021,5.416460905,70.9382716,243,41.74962963
41.4351,-73.7949,2022,5.643209877,71.06584362,243,42.15777778
41.4351,-73.7949,2023,6.348148148,70.42798354,243,43.42666667
41.4351,-73.7949,2024,6.23442623,73.6147541,244,43.22196721
41.4351,-73.7949,2025,5.346502058,68.75308642,243,41.6237037
41.4351,-73.7949,2026,1.032258065,70.59354839,155,33.85806452
41.7201763,-74.7646796,2010,4.09218107,72.8600823,243,39.36592593
41.7201763,-74.7646796,2011,2.759259259,73.55967078,243,36.96666667
41.7201763,-74.7646796,2012,5.751639344,71.06147541,244,42.35295082
41.7201763,-74.7646796,2013,3.348971193,72.8436214,243,38.02814815
41.7201763,-74.7646796,2014,1.861316872,70.63374486,243,35.35037037
41.7201763,-74.7646796,2015,2.068312757,70.55144033,243,35.72296296
41.7201763,-74.7646796,2016,5.246311475,68.98770492,244,41.44336066
41.7201763,-74.7646796,2017,4.081893004,72.66666667,243,39.34740741
41.7201763,-74.7646796,2018,3.02962963,73.05761317,243,37.45333333
41.7201763,-74.7646796,2019,2.978600823,73.38683128,243,37.36148148
41.7201763,-74.7646796,2020,3.733196721,71.26229508,244,38.7197541
41.7201763,-74.7646796,2021,3.887654321,71.81069959,243,38.99777778
41.7201763,-74.7646796,2022,3.883950617,72.22633745,243,38.99111111
41.7201763,-74.7646796,2023,4.734567901,70.33744856,243,40.52222222
41.7201763,-74.7646796,2024,5.073360656,73.34016393,244,41.13204918
41.7201763,-74.7646796,2025,3.50781893,71.85596708,243,38.31407407
41.7201763,-74.7646796,2026,-0.593548387,73.34193548,155,30.9316129
41.7550085,-73.7399512,2010,5.393415638,70.6255144,243,41.70814815
41.7550085,-73.7399512,2011,4.025925926,71.7654321,243,39.24666667
41.7550085,-73.7399512,2012,7.014754098,69.70901639,244,44.62655738
41.7550085,-73.7399512,2013,4.697530864,71.20164609,243,40.45555556
41.7550085,-73.7399512,2014,3.213168724,69.04115226,243,37.7837037
41.7550085,-73.7399512,2015,3.437037037,68.61316872,243,38.18666667
41.7550085,-73.7399512,2016,6.45204918,67.88934426,244,43.61368852
41.7550085,-73.7399512,2017,5.419341564,71.02880658,243,41.75481481
41.7550085,-73.7399512,2018,4.586419753,71.61316872,243,40.25555556
41.7550085,-73.7399512,2019,4.417283951,71.31687243,243,39.95111111
41.7550085,-73.7399512,2020,5.092622951,70.35245902,244,41.16672131
41.7550085,-73.7399512,2021,5.236625514,70.42798354,243,41.42592593
41.7550085,-73.7399512,2022,5.422633745,70.3127572,243,41.76074074
41.7550085,-73.7399512,2023,6.216049383,69.55144033,243,43.18888889
41.7550085,-73.7399512,2024,6.123360656,72.84836066,244,43.02204918
41.7550085,-73.7399512,2025,5.132921811,68.17695473,243,41.23925926
41.7550085,-73.7399512,2026,0.750967742,70.44516129,155,33.35174194
41.9472321,-74.265447,2010,4.867489712,73.48148148,243,40.76148148
41.9472321,-74.265447,2011,3.596707819,73.69547325,243,38.47407407
41.9472321,-74.265447,2012,6.594672131,71.47540984,244,43.87040984
41.9472321,-74.265447,2013,4.216872428,73.03292181,243,39.59037037
41.9472321,-74.265447,2014,2.628806584,71.38683128,243,36.73185185
41.9472321,-74.265447,2015,2.912345679,70.9382716,243,37.24222222
41.9472321,-74.265447,2016,6.079508197,69.31967213,244,42.94311475
41.9472321,-74.265447,2017,5.129218107,71.95061728,243,41.23259259
41.9472321,-74.265447,2018,4.340740741,71.33744856,243,39.81333333
41.9472321,-74.265447,2019,3.935390947,72.52674897,243,39.0837037
41.9472321,-74.265447,2020,4.956967213,69.72131148,244,40.92254098
41.9472321,-74.265447,2021,5.201646091,69.99176955,243,41.36296296
41.9472321,-74.265447,2022,5.217283951,70.42798354,243,41.39111111
41.9472321,-74.265447,2023,6.057613169,69.13168724,243,42.9037037
41.9472321,-74.265447,2024,6.255737705,72.33196721,244,43.26032787
41.9472321,-74.265447,2025,4.739506173,70.83539095,243,40.53111111
41.9472321,-74.265447,2026,0.74516129,71.65806452,155,33.34129032
42.1256,-76.3637,2010,4.216049383,72.51440329,243,39.58888889
42.1256,-76.3637,2011,2.611934156,74.77366255,243,36.70148148
42.1256,-76.3637,2012,5.89795082,71.18032787,244,42.61631148
42.1256,-76.3637,2013,3.626337449,72.08641975,243,38.52740741
42.1256,-76.3637,2014,1.838683128,70.3909465,243,35.30962963
42.1256,-76.3637,2015,2.219341564,70.08641975,243,35.99481481
42.1256,-76.3637,2016,5.144262295,69.61885246,244,41.25967213
42.1256,-76.3637,2017,4.553909465,73.32921811,243,40.19703704
42.1256,-76.3637,2018,3.376131687,71.64609053,243,38.07703704
42.1256,-76.3637,2019,3.262962963,73.46502058,243,37.87333333
42.1256,-76.3637,2020,3.85,72.57786885,244,38.93
42.1256,-76.3637,2021,4.175720165,72.26337449,243,39.5162963
42.1256,-76.3637,2022,4.273251029,71.90946502,243,39.69185185
42.1256,-76.3637,2023,4.911111111,70.73662551,243,40.84
42.1256,-76.3637,2024,5.549180328,73.43032787,244,41.98852459
42.1256,-76.3637,2025,3.767489712,73.44444444,243,38.78148148
42.1256,-76.3637,2026,-0.210967742,74.07096774,155,31.62025806
42.1552807,-76.7471788,2010,3.571193416,73.37860082,243,38.42814815
42.1552807,-76.7471788,2011,1.964609053,75.66666667,243,35.5362963
42.1552807,-76.7471788,2012,5.314344262,71.68852459,244,41.56581967
42.1552807,-76.7471788,2013,3.039917695,72.781893,243,37.47185185
42.1552807,-76.7471788,2014,1.226748971,71.16460905,243,34.20814815
42.1552807,-76.7471788,2015,1.573662551,70.95061728,243,34.83259259
42.1552807,-76.7471788,2016,4.471721311,70.46721311,244,40.04909836
42.1552807,-76.7471788,2017,4.411522634,73.16460905,243,39.94074074
42.1552807,-76.7471788,2018,3.381893004,70.83127572,243,38.08740741
42.1552807,-76.7471788,2019,3.177777778,73.27160494,243,37.72
42.1552807,-76.7471788,2020,3.854508197,72.28688525,244,38.93811475
42.1552807,-76.7471788,2021,4.169135802,71.82716049,243,39.50444444
42.1552807,-76.7471788,2022,4.257201646,71.56790123,243,39.66296296
42.1552807,-76.7471788,2023,4.814403292,70.59259259,243,40.66592593
42.1552807,-76.7471788,2024,5.49057377,73.5204918,244,41.88303279
42.1552807,-76.7471788,2025,3.781481481,72.83539095,243,38.80666667
42.1552807,-76.7471788,2026,-0.202580645,73.46451613,155,31.63535484
42.1619773,-75.830291,2010,4.403703704,73.781893,243,39.92666667
42.1619773,-75.830291,2011,2.926748971,75.48971193,243,37.26814815
42.1619773,-75.830291,2012,6.106967213,71.79098361,244,42.99254098
42.1619773,-75.830291,2013,3.820987654,73.05349794,243,38.87777778
42.1619773,-75.830291,2014,2.074897119,71.55967078,243,35.73481481
42.1619773,-75.830291,2015,2.395061728,70.99588477,243,36.31111111
42.1619773,-75.830291,2016,5.409016393,70.08606557,244,41.73622951
42.1619773,-75.830291,2017,4.349794239,74.12345679,243,39.82962963
42.1619773,-75.830291,2018,3.043209877,72.81893004,243,37.47777778
42.1619773,-75.830291,2019,2.969547325,74.19341564,243,37.34518519
42.1619773,-75.830291,2020,3.600819672,72.72540984,244,38.48147541
42.1619773,-75.830291,2021,3.887242798,72.69958848,243,38.99703704
42.1619773,-75.830291,2022,3.951851852,72.65432099,243,39.11333333
42.1619773,-75.830291,2023,4.647325103,71.04115226,243,40.36518519
42.1619773,-75.830291,2024,5.209836066,73.93032787,244,41.37770492
42.1619773,-75.830291,2025,3.39218107,74.53909465,243,38.10592593
42.1619773,-75.830291,2026,-0.581935484,75.29677419,155,30.95251613
42.1939865,-74.966728,2010,2.518518519,75.79835391,243,36.53333333
42.1939865,-74.966728,2011,1.124279835,76.72839506,243,34.0237037
42.1939865,-74.966728,2012,4.325,72.95491803,244,39.785
42.1939865,-74.966728,2013,1.950205761,74.89711934,243,35.51037037
42.1939865,-74.966728,2014,0.33744856,73.20164609,243,32.60740741
42.1939865,-74.966728,2015,0.516872428,73.20164609,243,32.93037037
42.1939865,-74.966728,2016,3.719262295,71.09836066,244,38.69467213
42.1939865,-74.966728,2017,2.727572016,75.7037037,243,36.90962963
42.1939865,-74.966728,2018,1.855555556,74.64197531,243,35.34
42.1939865,-74.966728,2019,1.532921811,76.30452675,243,34.75925926
42.1939865,-74.966728,2020,2.317622951,74.1557377,244,36.17172131
42.1939865,-74.966728,2021,2.599176955,74.20576132,243,36.67851852
42.1939865,-74.966728,2022,2.624279835,74.32510288,243,36.7237037
42.1939865,-74.966728,2023,3.485596708,72.55967078,243,38.27407407
42.1939865,-74.966728,2024,3.936065574,75.43442623,244,39.08491803
42.1939865,-74.966728,2025,2.026748971,76.76954733,243,35.64814815
42.1939865,-74.966728,2026,-1.96,78.12258065,155,28.472
42.2448527,-78.6810055,2010,2.320576132,76.04115226,243,36.17703704
42.2448527,-78.6810055,2011,0.86090535,78.80658436,243,33.54962963
42.2448527,-78.6810055,2012,4.320081967,75.33606557,244,39.77614754
42.2448527,-78.6810055,2013,1.80781893,76.74485597,243,35.25407407
42.2448527,-78.6810055,2014,0.151028807,74.16872428,243,32.27185185
42.2448527,-78.6810055,2015,0.390123457,75.97530864,243,32.70222222
42.2448527,-78.6810055,2016,3.520491803,74.31147541,244,38.33688525
42.2448527,-78.6810055,2017,3.560493827,76.97119342,243,38.40888889
42.2448527,-78.6810055,2018,2.083127572,76.27572016,243,35.74962963
42.2448527,-78.6810055,2019,1.840329218,78.58436214,243,35.31259259
42.2448527,-78.6810055,2020,2.72704918,76.89344262,244,36.90868852
42.2448527,-78.6810055,2021,2.957201646,75.50205761,243,37.32296296
42.2448527,-78.6810055,2022,3.066255144,76.16872428,243,37.51925926
42.2448527,-78.6810055,2023,3.555555556,73.82304527,243,38.4
42.2448527,-78.6810055,2024,4.489754098,77.09016393,244,40.08155738
42.2448527,-78.6810055,2025,2.623868313,78.16460905,243,36.72296296
42.2448527,-78.6810055,2026,-1.329032258,79.88387097,155,29.60774194
42.2477286,-73.6268046,2010,4.830864198,71.50205761,243,40.69555556
42.2477286,-73.6268046,2011,3.371604938,72.81893004,243,38.06888889
42.2477286,-73.6268046,2012,6.470901639,70.01639344,244,43.64762295
42.2477286,-73.6268046,2013,4.105349794,71.79835391,243,39.38962963
42.2477286,-73.6268046,2014,2.616460905,69.37037037,243,36.70962963
42.2477286,-73.6268046,2015,2.794650206,69.28806584,243,37.03037037
42.2477286,-73.6268046,2016,5.85,68.32377049,244,42.53
42.2477286,-73.6268046,2017,4.921399177,71.03292181,243,40.85851852
42.2477286,-73.6268046,2018,4.142386831,70.47325103,243,39.4562963
42.2477286,-73.6268046,2019,3.706584362,71.04115226,243,38.67185185
42.2477286,-73.6268046,2020,4.609836066,69.17622951,244,40.29770492
42.2477286,-73.6268046,2021,4.872016461,69.48559671,243,40.76962963
42.2477286,-73.6268046,2022,5.035390947,68.83539095,243,41.0637037
42.2477286,-73.6268046,2023,5.830041152,68.70781893,243,42.49407407
42.2477286,-73.6268046,2024,5.913114754,71.39344262,244,42.64360656
42.2477286,-73.6268046,2025,4.4781893,69.95473251,243,40.06074074
42.2477286,-73.6268046,2026,0.049032258,72.42580645,155,32.08825806
42.2478938,-78.0261758,2010,3.110288066,74.86831276,243,37.59851852
42.2478938,-78.0261758,2011,1.612757202,77.55144033,243,34.90296296
42.2478938,-78.0261758,2012,5.043032787,74.05327869,244,41.07745902
42.2478938,-78.0261758,2013,2.585185185,75.22633745,243,36.65333333
42.2478938,-78.0261758,2014,0.971604938,72.7037037,243,33.74888889
42.2478938,-78.0261758,2015,1.180246914,74.42798354,243,34.12444444
42.2478938,-78.0261758,2016,4.232786885,72.79508197,244,39.61901639
42.2478938,-78.0261758,2017,3.916872428,75.18518519,243,39.05037037
42.2478938,-78.0261758,2018,2.318106996,74.03703704,243,36.17259259
42.2478938,-78.0261758,2019,2.148148148,76.00823045,243,35.86666667
42.2478938,-78.0261758,2020,2.925409836,74.96721311,244,37.2657377
42.2478938,-78.0261758,2021,3.157201646,73.99588477,243,37.68296296
42.2478938,-78.0261758,2022,3.308230453,73.66255144,243,37.95481481
42.2478938,-78.0261758,2023,3.883127572,71.57613169,243,38.98962963
42.2478938,-78.0261758,2024,4.681967213,75.17622951,244,40.42754098
42.2478938,-78.0261758,2025,2.848559671,76.3127572,243,37.12740741
42.2478938,-78.0261758,2026,-1.074193548,77.12903226,155,30.06645161
42.2667252,-77.3855253,2010,3.199176955,73.50617284,243,37.75851852
42.2667252,-77.3855253,2011,1.608641975,76.12757202,243,34.89555556
42.2667252,-77.3855253,2012,5.09795082,71.98770492,244,41.17631148
42.2667252,-77.3855253,2013,2.653497942,73.48971193,243,36.7762963
42.2667252,-77.3855253,2014,0.969135802,71.33333333,243,33.74444444
42.2667252,-77.3855253,2015,1.204526749,72.26748971,243,34.16814815
42.2667252,-77.3855253,2016,4.149180328,71.00409836,244,39.46852459
42.2667252,-77.3855253,2017,4.116049383,73.44855967,243,39.40888889
42.2667252,-77.3855253,2018,2.827160494,71.73251029,243,37.08888889
42.2667252,-77.3855253,2019,2.545679012,74.30041152,243,36.58222222
42.2667252,-77.3855253,2020,3.283606557,73.71721311,244,37.9104918
42.2667252,-77.3855253,2021,3.718518519,72.08230453,243,38.69333333
42.2667252,-77.3855253,2022,3.765432099,72.10288066,243,38.77777778
42.2667252,-77.3855253,2023,4.335802469,70.46090535,243,39.80444444
42.2667252,-77.3855253,2024,5.113934426,73.82786885,244,41.20508197
42.2667252,-77.3855253,2025,3.304526749,74.31687243,243,37.94814815
42.2667252,-77.3855253,2026,-0.746451613,75.70967742,155,30.6563871
42.2869511,-74.1494949,2010,1.993004115,73.38271605,243,35.58740741
42.2869511,-74.1494949,2011,0.618106996,73.79423868,243,33.11259259
42.2869511,-74.1494949,2012,3.695901639,70.7295082,244,38.65262295
42.2869511,-74.1494949,2013,1.388888889,72.33333333,243,34.5
42.2869511,-74.1494949,2014,-0.234979424,70.94238683,243,31.57703704
42.2869511,-74.1494949,2015,0.044444444,70.40740741,243,32.08
42.2869511,-74.1494949,2016,3.193032787,68.25,244,37.74745902
42.2869511,-74.1494949,2017,2.346090535,73.08230453,243,36.22296296
42.2869511,-74.1494949,2018,1.672427984,73.26748971,243,35.01037037
42.2869511,-74.1494949,2019,1.088065844,75.34567901,243,33.95851852
42.2869511,-74.1494949,2020,2.02295082,72.68442623,244,35.64131148
42.2869511,-74.1494949,2021,2.358436214,72.57613169,243,36.24518519
42.2869511,-74.1494949,2022,2.37037037,72.79012346,243,36.26666667
42.2869511,-74.1494949,2023,3.151440329,72.30452675,243,37.67259259
42.2869511,-74.1494949,2024,3.531967213,74.95491803,244,38.35754098
42.2869511,-74.1494949,2025,1.940329218,74.20987654,243,35.49259259
42.2869511,-74.1494949,2026,-2.060645161,75.2516129,155,28.29083871
42.3042159,-79.4075949,2010,2.990123457,76.96707819,243,37.38222222
42.3042159,-79.4075949,2011,1.687242798,78.9382716,243,35.03703704
42.3042159,-79.4075949,2012,5.168442623,75.71311475,244,41.30319672
42.3042159,-79.4075949,2013,2.644855967,76.80658436,243,36.76074074
42.3042159,-79.4075949,2014,0.80617284,74.87242798,243,33.45111111
42.3042159,-79.4075949,2015,1.095061728,76.47325103,243,33.97111111
42.3042159,-79.4075949,2016,4.276639344,74.67622951,244,39.69795082
42.3042159,-79.4075949,2017,4.861316872,75.50205761,243,40.75037037
42.3042159,-79.4075949,2018,3.357613169,75.0617284,243,38.0437037
42.3042159,-79.4075949,2019,2.99218107,77.03292181,243,37.38592593
42.3042159,-79.4075949,2020,3.943032787,75.46311475,244,39.09745902
42.3042159,-79.4075949,2021,4.223045267,73.7654321,243,39.60148148
42.3042159,-79.4075949,2022,4.26090535,75.25102881,243,39.66962963
42.3042159,-79.4075949,2023,4.444032922,73.81893004,243,39.99925926
42.3042159,-79.4075949,2024,5.663934426,76.18032787,244,42.19508197
42.3042159,-79.4075949,2025,3.874485597,76.83950617,243,38.97407407
42.3042159,-79.4075949,2026,0.078064516,78.29032258,155,32.14051613
42.419776,-76.9386038,2010,3.567078189,74.01646091,243,38.42074074
42.419776,-76.9386038,2011,2.059670782,76.09876543,243,35.70740741
42.419776,-76.9386038,2012,5.45,72.10655738,244,41.81
42.419776,-76.9386038,2013,3.149794239,73.08230453,243,37.66962963
42.419776,-76.9386038,2014,1.367489712,71.42386831,243,34.46148148
42.419776,-76.9386038,2015,1.664609053,71.65020576,243,34.9962963
42.419776,-76.9386038,2016,4.492213115,71.04098361,244,40.08598361
42.419776,-76.9386038,2017,4.394238683,74.24279835,243,39.90962963
42.419776,-76.9386038,2018,3.256790123,72.44444444,243,37.86222222
42.419776,-76.9386038,2019,2.911522634,74.79012346,243,37.24074074
42.419776,-76.9386038,2020,3.648770492,74.22540984,244,38.56778689
42.419776,-76.9386038,2021,4.02962963,73.20164609,243,39.25333333
42.419776,-76.9386038,2022,4.155967078,73.0781893,243,39.48074074
42.419776,-76.9386038,2023,4.683950617,72.19341564,243,40.43111111
42.419776,-76.9386038,2024,5.44057377,75.1147541,244,41.79303279
42.419776,-76.9386038,2025,3.62962963,75.04115226,243,38.53333333
42.419776,-76.9386038,2026,-0.395483871,76.43225806,155,31.28812903
42.4532811,-76.4737116,2010,4.209876543,75.81481481,243,39.57777778
42.4532811,-76.4737116,2011,2.808641975,77.48971193,243,37.05555556
42.4532811,-76.4737116,2012,6.025409836,73.07786885,244,42.8457377
42.4532811,-76.4737116,2013,3.801646091,74.84773663,243,38.84296296
42.4532811,-76.4737116,2014,1.994650206,73.25102881,243,35.59037037
42.4532811,-76.4737116,2015,2.211934156,73.13168724,243,35.98148148
42.4532811,-76.4737116,2016,5.081557377,72.30327869,244,41.14680328
42.4532811,-76.4737116,2017,4.783950617,75.26337449,243,40.61111111
42.4532811,-76.4737116,2018,3.756790123,73.58436214,243,38.76222222
42.4532811,-76.4737116,2019,3.441152263,75.53909465,243,38.19407407
42.4532811,-76.4737116,2020,4.120901639,74.69262295,244,39.41762295
42.4532811,-76.4737116,2021,4.497119342,73.79012346,243,40.09481481
42.4532811,-76.4737116,2022,4.606995885,73.89711934,243,40.29259259
42.4532811,-76.4737116,2023,5.145679012,73.3909465,243,41.26222222
42.4532811,-76.4737116,2024,5.833196721,75.54918033,244,42.4997541
42.4532811,-76.4737116,2025,4.029218107,75.37037037,243,39.25259259
42.4532811,-76.4737116,2026,0.103225806,76.84516129,155,32.18580645
42.489732,-75.6049051,2010,2.86872428,75.04115226,243,37.1637037
42.489732,-75.6049051,2011,1.418930041,76.44032922,243,34.55407407
42.489732,-75.6049051,2012,4.531557377,72.81557377,244,40.15680328
42.489732,-75.6049051,2013,2.227572016,74.61728395,243,36.00962963
42.489732,-75.6049051,2014,0.531687243,72.98765432,243,32.95703704
42.489732,-75.6049051,2015,0.799176955,72.46090535,243,33.43851852
42.489732,-75.6049051,2016,3.820491803,71.22131148,244,38.87688525
42.489732,-75.6049051,2017,3.114814815,75.8600823,243,37.60666667
42.489732,-75.6049051,2018,2.218930041,74.30864198,243,35.99407407
42.489732,-75.6049051,2019,1.879012346,76.26748971,243,35.38222222
42.489732,-75.6049051,2020,2.611065574,74.67213115,244,36.69991803
42.489732,-75.6049051,2021,3.018106996,73.96296296,243,37.43259259
42.489732,-75.6049051,2022,3.068312757,74.09876543,243,37.52296296
42.489732,-75.6049051,2023,3.856378601,72.12345679,243,38.94148148
42.489732,-75.6049051,2024,4.422540984,75.20901639,244,39.96057377
42.489732,-75.6049051,2025,2.495473251,76.32098765,243,36.49185185
42.489732,-75.6049051,2026,-1.461935484,77.78709677,155,29.36851613
42.5882713,-73.9740136,2010,3.85473251,72.96707819,243,38.93851852
42.5882713,-73.9740136,2011,2.394238683,73.85596708,243,36.30962963
42.5882713,-73.9740136,2012,5.534016393,70.66393443,244,41.96122951
42.5882713,-73.9740136,2013,3.239917695,71.90123457,243,37.83185185
42.5882713,-73.9740136,2014,1.581481481,70.43209877,243,34.84666667
42.5882713,-73.9740136,2015,1.872016461,70,243,35.36962963
42.5882713,-73.9740136,2016,4.9,68.39754098,244,40.82
42.5882713,-73.9740136,2017,4.027572016,71.48148148,243,39.24962963
42.5882713,-73.9740136,2018,3.095061728,71.2962963,243,37.57111111
42.5882713,-73.9740136,2019,2.501646091,72.45679012,243,36.50296296
42.5882713,-73.9740136,2020,3.622131148,69.84016393,244,38.51983607
42.5882713,-73.9740136,2021,3.941152263,70.20987654,243,39.09407407
42.5882713,-73.9740136,2022,3.910288066,70.35390947,243,39.03851852
42.5882713,-73.9740136,2023,4.780658436,69.46090535,243,40.60518519
42.5882713,-73.9740136,2024,4.99795082,72.6352459,244,40.99631148
42.5882713,-73.9740136,2025,3.426748971,71.93415638,243,38.16814815
42.5882713,-73.9740136,2026,-0.74,73.12258065,155,30.668
42.591294,-74.4381718,2010,1.858847737,74.49382716,243,35.34592593
42.591294,-74.4381718,2011,0.572016461,74.9382716,243,33.02962963
42.591294,-74.4381718,2012,3.829918033,71.02868852,244,38.89385246
42.591294,-74.4381718,2013,1.434156379,72.92592593,243,34.58148148
42.591294,-74.4381718,2014,-0.146090535,71.14814815,243,31.73703704
42.591294,-74.4381718,2015,0.061728395,70.79835391,243,32.11111111
42.591294,-74.4381718,2016,3.112295082,69.03688525,244,37.60213115
42.591294,-74.4381718,2017,2.340740741,73.25514403,243,36.21333333
42.591294,-74.4381718,2018,1.597119342,72.32098765,243,34.87481481
42.591294,-74.4381718,2019,1.064197531,74.41975309,243,33.91555556
42.591294,-74.4381718,2020,1.865163934,72.45491803,244,35.35729508
42.591294,-74.4381718,2021,2.250617284,72.3127572,243,36.05111111
42.591294,-74.4381718,2022,2.344444444,72,243,36.22
42.591294,-74.4381718,2023,3.143209877,70.79835391,243,37.65777778
42.591294,-74.4381718,2024,3.579918033,73.82377049,244,38.44385246
42.591294,-74.4381718,2025,1.836213992,73.93004115,243,35.30518519
42.591294,-74.4381718,2026,-2.166451613,74.98709677,155,28.1003871
42.5938237,-76.0762647,2010,3.190946502,75.88477366,243,37.7437037
42.5938237,-76.0762647,2011,1.703292181,77.46090535,243,35.06592593
42.5938237,-76.0762647,2012,4.877459016,73.65983607,244,40.77942623
42.5938237,-76.0762647,2013,2.574485597,75.4691358,243,36.63407407
42.5938237,-76.0762647,2014,0.828806584,73.58847737,243,33.49185185
42.5938237,-76.0762647,2015,1.1,73.60082305,243,33.98
42.5938237,-76.0762647,2016,4.036885246,72.66803279,244,39.26639344
42.5938237,-76.0762647,2017,3.322633745,76.58436214,243,37.98074074
42.5938237,-76.0762647,2018,2.30617284,74.46090535,243,36.15111111
42.5938237,-76.0762647,2019,1.827160494,77.04938272,243,35.28888889
42.5938237,-76.0762647,2020,2.626229508,75.48360656,244,36.72721311
42.5938237,-76.0762647,2021,3.046502058,74.79423868,243,37.4837037
42.5938237,-76.0762647,2022,3.080246914,74.82304527,243,37.54444444
42.5938237,-76.0762647,2023,3.791769547,73.06995885,243,38.82518519
42.5938237,-76.0762647,2024,4.491803279,76.17213115,244,40.0852459
42.5938237,-76.0762647,2025,2.583539095,77.27983539,243,36.65037037
42.5938237,-76.0762647,2026,-1.423870968,78.97419355,155,29.43703226
42.6297762,-75.028841,2010,2.290123457,75.50205761,243,36.12222222
42.6297762,-75.028841,2011,0.963374486,76.25102881,243,33.73407407
42.6297762,-75.028841,2012,4.172131148,72.44262295,244,39.50983607
42.6297762,-75.028841,2013,1.814403292,74.38271605,243,35.26592593
42.6297762,-75.028841,2014,0.157201646,72.77777778,243,32.28296296
42.6297762,-75.028841,2015,0.346090535,72.38683128,243,32.62296296
42.6297762,-75.028841,2016,3.421721311,70.82786885,244,38.15909836
42.6297762,-75.028841,2017,2.82962963,75.12757202,243,37.09333333
42.6297762,-75.028841,2018,2.104938272,73.97942387,243,35.78888889
42.6297762,-75.028841,2019,1.725514403,75.78600823,243,35.10592593
42.6297762,-75.028841,2020,2.515163934,73.82377049,244,36.52729508
42.6297762,-75.028841,2021,2.83909465,73.74485597,243,37.11037037
42.6297762,-75.028841,2022,2.934156379,73.48559671,243,37.28148148
42.6297762,-75.028841,2023,3.788065844,71.95473251,243,38.81851852
42.6297762,-75.028841,2024,4.350819672,74.70081967,244,39.83147541
42.6297762,-75.028841,2025,2.352674897,76.29218107,243,36.23481481
42.6297762,-75.028841,2026,-1.673548387,77.57419355,155,28.9876129
42.6431,-77.1485,2010,4.199176955,74.5473251,243,39.55851852
42.6431,-77.1485,2011,2.710699588,76.16460905,243,36.87925926
42.6431,-77.1485,2012,6.131967213,72.42622951,244,43.03754098
42.6431,-77.1485,2013,3.803292181,73.52263374,243,38.84592593
42.6431,-77.1485,2014,2.062139918,71.46502058,243,35.71185185
42.6431,-77.1485,2015,2.281481481,72.0617284,243,36.10666667
42.6431,-77.1485,2016,5.10942623,71.47131148,244,41.19696721
42.6431,-77.1485,2017,4.845679012,73.28395062,243,40.72222222
42.6431,-77.1485,2018,3.502057613,71.23868313,243,38.3037037
42.6431,-77.1485,2019,2.960082305,73.87242798,243,37.32814815
42.6431,-77.1485,2020,3.85942623,73.4057377,244,38.94696721
42.6431,-77.1485,2021,4.353497942,71.13168724,243,39.8362963
42.6431,-77.1485,2022,4.41563786,71.99588477,243,39.94814815
42.6431,-77.1485,2023,4.891358025,70.65432099,243,40.80444444
42.6431,-77.1485,2024,5.747131148,73.37704918,244,42.34483607
42.6431,-77.1485,2025,3.828395062,74.24691358,243,38.89111111
42.6431,-77.1485,2026,-0.168387097,75.42580645,155,31.69690323
42.7013627,-78.2285667,2010,2.493004115,75.08230453,243,36.48740741
42.7013627,-78.2285667,2011,1.085596708,76.83539095,243,33.95407407
42.7013627,-78.2285667,2012,4.540163934,73.18852459,244,40.17229508
42.7013627,-78.2285667,2013,2.097942387,74.3127572,243,35.7762963
42.7013627,-78.2285667,2014,0.375720165,72.13168724,243,32.6762963
42.7013627,-78.2285667,2015,0.627160494,73.69547325,243,33.12888889
42.7013627,-78.2285667,2016,3.584836066,72.14344262,244,38.45270492
42.7013627,-78.2285667,2017,3.604115226,75.35390947,243,38.48740741
42.7013627,-78.2285667,2018,2.25308642,74.09053498,243,36.05555556
42.7013627,-78.2285667,2019,1.719341564,76.99176955,243,35.09481481
42.7013627,-78.2285667,2020,2.700819672,75.76639344,244,36.86147541
42.7013627,-78.2285667,2021,3.178600823,73.74485597,243,37.72148148
42.7013627,-78.2285667,2022,3.158436214,74.80246914,243,37.68518519
42.7013627,-78.2285667,2023,3.713168724,72.8436214,243,38.6837037
42.7013627,-78.2285667,2024,4.653688525,75.91803279,244,40.37663934
42.7013627,-78.2285667,2025,2.681481481,77.89711934,243,36.82666667
42.7013627,-78.2285667,2026,-1.36,79.68387097,155,29.552
42.7104206,-73.5138454,2010,3.14691358,72.52263374,243,37.66444444
42.7104206,-73.5138454,2011,1.556790123,74.13168724,243,34.80222222
42.7104206,-73.5138454,2012,4.848360656,70.11885246,244,40.72704918
42.7104206,-73.5138454,2013,2.548559671,71.48971193,243,36.58740741
42.7104206,-73.5138454,2014,0.942798354,69.74485597,243,33.69703704
42.7104206,-73.5138454,2015,1.102057613,69.51851852,243,33.9837037
42.7104206,-73.5138454,2016,4.146721311,68.61065574,244,39.46409836
42.7104206,-73.5138454,2017,3.329218107,72.44032922,243,37.99259259
42.7104206,-73.5138454,2018,2.603703704,72.80246914,243,36.68666667
42.7104206,-73.5138454,2019,1.981893004,73.68312757,243,35.56740741
42.7104206,-73.5138454,2020,3.031557377,71.19262295,244,37.45680328
42.7104206,-73.5138454,2021,3.424691358,71.23045267,243,38.16444444
42.7104206,-73.5138454,2022,3.419341564,71.40329218,243,38.15481481
42.7104206,-73.5138454,2023,4.414403292,70.13168724,243,39.94592593
42.7104206,-73.5138454,2024,4.549590164,73.04098361,244,40.1892623
42.7104206,-73.5138454,2025,2.862962963,73.32098765,243,37.15333333
42.7104206,-73.5138454,2026,-1.386451613,74.3483871,155,29.5043871
42.7274845,-77.7697795,2010,3.232098765,74.44444444,243,37.81777778
42.7274845,-77.7697795,2011,1.790534979,76.09053498,243,35.22296296
42.7274845,-77.7697795,2012,5.40942623,72.27459016,244,41.73696721
42.7274845,-77.7697795,2013,3.00781893,73.15226337,243,37.41407407
42.7274845,-77.7697795,2014,1.205349794,70.81069959,243,34.16962963
42.7274845,-77.7697795,2015,1.399176955,72.55555556,243,34.51851852
42.7274845,-77.7697795,2016,4.291393443,71.40983607,244,39.7245082
42.7274845,-77.7697795,2017,4.899176955,71.85185185,243,40.81851852
42.7274845,-77.7697795,2018,3.855967078,69.56790123,243,38.94074074
42.7274845,-77.7697795,2019,3.432098765,71.58024691,243,38.17777778
42.7274845,-77.7697795,2020,4.335655738,71.05737705,244,39.80418033
42.7274845,-77.7697795,2021,4.808641975,69.16872428,243,40.65555556
42.7274845,-77.7697795,2022,4.811934156,70.05761317,243,40.66148148
42.7274845,-77.7697795,2023,5.269547325,68.83950617,243,41.48518519
42.7274845,-77.7697795,2024,6.203688525,71.81557377,244,43.16663934
42.7274845,-77.7697795,2025,4.182716049,74.09465021,243,39.52888889
42.7274845,-77.7697795,2026,0.039354839,75.51612903,155,32.07083871
42.752759,-78.7781922,2010,4.071604938,74.59670782,243,39.32888889
42.752759,-78.7781922,2011,2.749794239,75.94650206,243,36.94962963
42.752759,-78.7781922,2012,6.260655738,72.70081967,244,43.26918033
42.752759,-78.7781922,2013,3.959259259,73.00411523,243,39.12666667
42.752759,-78.7781922,2014,1.937860082,72.38271605,243,35.48814815
42.752759,-78.7781922,2015,2.279012346,73.29218107,243,36.10222222
42.752759,-78.7781922,2016,5.354508197,70.82377049,244,41.63811475
42.752759,-78.7781922,2017,5.537860082,72.99588477,243,41.96814815
42.752759,-78.7781922,2018,4.097942387,72.63786008,243,39.3762963
42.752759,-78.7781922,2019,3.641975309,73.79423868,243,38.55555556
42.752759,-78.7781922,2020,4.749180328,72.63114754,244,40.54852459
42.752759,-78.7781922,2021,5.040329218,71.74897119,243,41.07259259
42.752759,-78.7781922,2022,5.104526749,72.61316872,243,41.18814815
42.752759,-78.7781922,2023,5.286419753,72.28395062,243,41.51555556
42.752759,-78.7781922,2024,6.516393443,74.29098361,244,43.7295082
42.752759,-78.7781922,2025,4.63909465,75.5473251,243,40.35037037
42.752759,-78.7781922,2026,1.001290323,76.01290323,155,33.80232258
42.7652,-76.8721,2010,4.354320988,75.26748971,243,39.83777778
42.7652,-76.8721,2011,2.925514403,76.61728395,243,37.26592593
42.7652,-76.8721,2012,6.212295082,72.98360656,244,43.18213115
42.7652,-76.8721,2013,4.025102881,74,243,39.24518519
42.7652,-76.8721,2014,2.212757202,72.28395062,243,35.98296296
42.7652,-76.8721,2015,2.456378601,72.43621399,243,36.42148148
42.7652,-76.8721,2016,5.173770492,72.28688525,244,41.31278689
42.7652,-76.8721,2017,5.38436214,73.41975309,243,41.69185185
42.7652,-76.8721,2018,4.516049383,71.06584362,243,40.12888889
42.7652,-76.8721,2019,4.009053498,72.67489712,243,39.2162963
42.7652,-76.8721,2020,4.955737705,71.88934426,244,40.92032787
42.7652,-76.8721,2021,5.380246914,70.29218107,243,41.68444444
42.7652,-76.8721,2022,5.393415638,71.76131687,243,41.70814815
42.7652,-76.8721,2023,5.84526749,70.76954733,243,42.52148148
42.7652,-76.8721,2024,6.631147541,74.26229508,244,43.93606557
42.7652,-76.8721,2025,4.78436214,73.98765432,243,40.61185185
42.7652,-76.8721,2026,0.856774194,75.6,155,33.54219355
42.8175421,-74.0435834,2010,3.523045267,71.99176955,243,38.34148148
42.8175421,-74.0435834,2011,1.951851852,73.09876543,243,35.51333333
42.8175421,-74.0435834,2012,5.091393443,70.51229508,244,41.1645082
42.8175421,-74.0435834,2013,2.851028807,71.05349794,243,37.13185185
42.8175421,-74.0435834,2014,1.159670782,69.46090535,243,34.08740741
42.8175421,-74.0435834,2015,1.460082305,68.87242798,243,34.62814815
42.8175421,-74.0435834,2016,4.405327869,67.97540984,244,39.92959016
42.8175421,-74.0435834,2017,3.936625514,71.49382716,243,39.08592593
42.8175421,-74.0435834,2018,3.208641975,71.30864198,243,37.77555556
42.8175421,-74.0435834,2019,2.565432099,72.50617284,243,36.61777778
42.8175421,-74.0435834,2020,3.689344262,70.20901639,244,38.64081967
42.8175421,-74.0435834,2021,3.996707819,70.62139918,243,39.19407407
42.8175421,-74.0435834,2022,3.989300412,70.69547325,243,39.18074074
42.8175421,-74.0435834,2023,4.878600823,69.2962963,243,40.78148148
42.8175421,-74.0435834,2024,5.140163934,72.50819672,244,41.25229508
42.8175421,-74.0435834,2025,3.420987654,73.20576132,243,38.15777778
42.8175421,-74.0435834,2026,-0.841290323,74.41290323,155,30.48567742
42.8566949,-77.3032768,2010,3.855144033,73.48148148,243,38.93925926
42.8566949,-77.3032768,2011,2.311934156,75.18518519,243,36.16148148
42.8566949,-77.3032768,2012,5.750409836,71.58606557,244,42.3507377
42.8566949,-77.3032768,2013,3.46090535,72.47736626,243,38.22962963
42.8566949,-77.3032768,2014,1.652263374,70.20987654,243,34.97407407
42.8566949,-77.3032768,2015,1.925102881,71.12345679,243,35.46518519
42.8566949,-77.3032768,2016,4.693852459,70.33606557,244,40.44893443
42.8566949,-77.3032768,2017,4.781069959,73.20987654,243,40.60592593
42.8566949,-77.3032768,2018,3.673662551,71.83127572,243,38.61259259
42.8566949,-77.3032768,2019,2.980658436,74.58436214,243,37.36518519
42.8566949,-77.3032768,2020,4.009016393,73.78278689,244,39.21622951
42.8566949,-77.3032768,2021,4.542386831,71.32510288,243,40.1762963
42.8566949,-77.3032768,2022,4.510699588,72.78600823,243,40.11925926
42.8566949,-77.3032768,2023,4.988888889,71.47736626,243,40.98
42.8566949,-77.3032768,2024,5.982377049,73.3442623,244,42.76827869
42.8566949,-77.3032768,2025,4.025925926,74.73251029,243,39.24666667
42.8566949,-77.3032768,2026,0.020645161,76.6,155,32.03716129
42.9008912,-74.4353575,2010,4.112345679,74.09465021,243,39.40222222
42.9008912,-74.4353575,2011,2.624691358,74.92592593,243,36.72444444
42.9008912,-74.4353575,2012,5.83852459,71.94672131,244,42.50934426
42.9008912,-74.4353575,2013,3.504526749,72.88477366,243,38.30814815
42.9008912,-74.4353575,2014,1.838683128,71.30864198,243,35.30962963
42.9008912,-74.4353575,2015,2.109876543,70.74897119,243,35.79777778
42.9008912,-74.4353575,2016,5.020081967,69.95081967,244,41.03614754
42.9008912,-74.4353575,2017,3.88436214,73.67489712,243,38.99185185
42.9008912,-74.4353575,2018,2.592592593,73.67078189,243,36.66666667
42.9008912,-74.4353575,2019,2.039917695,74.59259259,243,35.67185185
42.9008912,-74.4353575,2020,3.092213115,73.04918033,244,37.56598361
42.9008912,-74.4353575,2021,3.325514403,73.55555556,243,37.98592593
42.9008912,-74.4353575,2022,3.412757202,73.08641975,243,38.14296296
42.9008912,-74.4353575,2023,4.299588477,71.85596708,243,39.73925926
42.9008912,-74.4353575,2024,4.76352459,74.54098361,244,40.57434426
42.9008912,-74.4353575,2025,2.763374486,76.27983539,243,36.97407407
42.9008912,-74.4353575,2026,-1.583870968,77.51612903,155,29.14903226
42.9100255,-75.6635749,2010,3.270781893,76.31687243,243,37.88740741
42.9100255,-75.6635749,2011,1.832510288,77.5473251,243,35.29851852
42.9100255,-75.6635749,2012,5.001229508,73.69672131,244,41.00221311
42.9100255,-75.6635749,2013,2.649382716,75.91769547,243,36.76888889
42.9100255,-75.6635749,2014,1.00617284,73.81069959,243,33.81111111
42.9100255,-75.6635749,2015,1.200411523,73.71193416,243,34.16074074
42.9100255,-75.6635749,2016,4.114754098,72.90983607,244,39.40655738
42.9100255,-75.6635749,2017,3.263786008,76.34979424,243,37.87481481
42.9100255,-75.6635749,2018,2.133333333,74.33333333,243,35.84
42.9100255,-75.6635749,2019,1.526748971,77.09465021,243,34.74814815
42.9100255,-75.6635749,2020,2.416803279,75.34836066,244,36.3502459
42.9100255,-75.6635749,2021,2.88436214,74.16872428,243,37.19185185
42.9100255,-75.6635749,2022,2.93127572,74.63374486,243,37.2762963
42.9100255,-75.6635749,2023,3.651440329,72.82304527,243,38.57259259
42.9100255,-75.6635749,2024,4.34795082,76.31967213,244,39.82631148
42.9100255,-75.6635749,2025,2.356378601,77.97119342,243,36.24148148
42.9100255,-75.6635749,2026,-1.660645161,79.92903226,155,29.01083871
43.0009096,-78.1927784,2010,3.887654321,74.12757202,243,38.99777778
43.0009096,-78.1927784,2011,2.536625514,74.85596708,243,36.56592593
43.0009096,-78.1927784,2012,6.030327869,71.63934426,244,42.85459016
43.0009096,-78.1927784,2013,3.762962963,72.02057613,243,38.77333333
43.0009096,-78.1927784,2014,1.841975309,70.38271605,243,35.31555556
43.0009096,-78.1927784,2015,2.155144033,71.46090535,243,35.87925926
43.0009096,-78.1927784,2016,4.996311475,69.96311475,244,40.99336066
43.0009096,-78.1927784,2017,5.007407407,72.59670782,243,41.01333333
43.0009096,-78.1927784,2018,3.548148148,71.77366255,243,38.38666667
43.0009096,-78.1927784,2019,2.947736626,74.12345679,243,37.30592593
43.0009096,-78.1927784,2020,3.998360656,72.98360656,244,39.19704918
43.0009096,-78.1927784,2021,4.573662551,70.76131687,243,40.23259259
43.0009096,-78.1927784,2022,4.506995885,72.16460905,243,40.11259259
43.0009096,-78.1927784,2023,4.803703704,71.64609053,243,40.64666667
43.0009096,-78.1927784,2024,6.013114754,73.71311475,244,42.82360656
43.0009096,-78.1927784,2025,3.991769547,75.09876543,243,39.18518519
43.0009096,-78.1927784,2026,-0.003870968,77.02580645,155,31.99303226
43.0065299,-76.1961167,2010,3.706584362,75.75720165,243,38.67185185
43.0065299,-76.1961167,2011,2.288477366,76.76131687,243,36.11925926
43.0065299,-76.1961167,2012,5.538934426,73.16393443,244,41.97008197
43.0065299,-76.1961167,2013,3.208641975,75.02469136,243,37.77555556
43.0065299,-76.1961167,2014,1.441563786,73.1563786,243,34.59481481
43.0065299,-76.1961167,2015,1.703292181,72.80658436,243,35.06592593
43.0065299,-76.1961167,2016,4.506557377,72.56967213,244,40.11180328
43.0065299,-76.1961167,2017,4.490123457,73.81893004,243,40.08222222
43.0065299,-76.1961167,2018,3.622633745,71.65020576,243,38.52074074
43.0065299,-76.1961167,2019,2.943621399,74.03703704,243,37.29851852
43.0065299,-76.1961167,2020,3.890163934,72.39344262,244,39.00229508
43.0065299,-76.1961167,2021,4.376954733,71.18518519,243,39.87851852
43.0065299,-76.1961167,2022,4.448971193,71.92592593,243,40.00814815
43.0065299,-76.1961167,2023,5.016049383,70.26748971,243,41.02888889
43.0065299,-76.1961167,2024,5.824590164,74.06557377,244,42.4842623
43.0065299,-76.1961167,2025,3.913580247,74.6255144,243,39.04444444
43.0065299,-76.1961167,2026,-0.107741935,76.42580645,155,31.80606452
43.0085456,-76.5745866,2010,4.24691358,74.7654321,243,39.64444444
43.0085456,-76.5745866,2011,2.78436214,75.97530864,243,37.01185185
43.0085456,-76.5745866,2012,6.097540984,72.55737705,244,42.97557377
43.0085456,-76.5745866,2013,3.858024691,73.69547325,243,38.94444444
43.0085456,-76.5745866,2014,2,71.97530864,243,35.6
43.0085456,-76.5745866,2015,2.299588477,71.72427984,243,36.13925926
43.0085456,-76.5745866,2016,4.999180328,71.85655738,244,40.99852459
43.0085456,-76.5745866,2017,5.140740741,72.96296296,243,41.25333333
43.0085456,-76.5745866,2018,4.086831276,71.66666667,243,39.3562963
43.0085456,-76.5745866,2019,3.415226337,73.61728395,243,38.14740741
43.0085456,-76.5745866,2020,4.445491803,72.09016393,244,40.00188525
43.0085456,-76.5745866,2021,4.923045267,70.75720165,243,40.86148148
43.0085456,-76.5745866,2022,4.903292181,72.24279835,243,40.82592593
43.0085456,-76.5745866,2023,5.450617284,70.52263374,243,41.81111111
43.0085456,-76.5745866,2024,6.260655738,73.87704918,244,43.26918033
43.0085456,-76.5745866,2025,4.395473251,74.14814815,243,39.91185185
43.0085456,-76.5745866,2026,0.369677419,76.30322581,155,32.66541935
43.1061353,-73.8553872,2010,4.049382716,72.66255144,243,39.28888889
43.1061353,-73.8553872,2011,2.358436214,73.89711934,243,36.24518519
43.1061353,-73.8553872,2012,5.479918033,71.68032787,244,41.86385246
43.1061353,-73.8553872,2013,3.318930041,71.76131687,243,37.97407407
43.1061353,-73.8553872,2014,1.438271605,71.218107,243,34.58888889
43.1061353,-73.8553872,2015,1.781069959,69.83539095,243,35.20592593
43.1061353,-73.8553872,2016,4.774590164,69.17213115,244,40.5942623
43.1061353,-73.8553872,2017,3.851440329,73.39917695,243,38.93259259
43.1061353,-73.8553872,2018,2.913580247,72.8600823,243,37.24444444
43.1061353,-73.8553872,2019,2.142798354,74.10288066,243,35.85703704
43.1061353,-73.8553872,2020,3.366393443,71.95081967,244,38.0595082
43.1061353,-73.8553872,2021,3.745679012,72.35802469,243,38.74222222
43.1061353,-73.8553872,2022,3.732098765,72.37860082,243,38.71777778
43.1061353,-73.8553872,2023,4.694238683,71.26337449,243,40.44962963
43.1061353,-73.8553872,2024,5.022540984,73.80327869,244,41.04057377
43.1061353,-73.8553872,2025,3.295884774,73.1399177,243,37.93259259
43.1061353,-73.8553872,2026,-0.923225806,73.71612903,155,30.33819355
43.1156093,-74.4236782,2010,2.436213992,75.34156379,243,36.38518519
43.1156093,-74.4236782,2011,0.813580247,76.48148148,243,33.46444444
43.1156093,-74.4236782,2012,3.938934426,73.87295082,244,39.09008197
43.1156093,-74.4236782,2013,1.634979424,75.0781893,243,34.94296296
43.1156093,-74.4236782,2014,-0.114814815,73.74074074,243,31.79333333
43.1156093,-74.4236782,2015,0.217283951,72.69958848,243,32.39111111
43.1156093,-74.4236782,2016,3.189754098,71.82786885,244,37.74155738
43.1156093,-74.4236782,2017,2.246502058,76.40740741,243,36.0437037
43.1156093,-74.4236782,2018,1.238271605,75.08230453,243,34.22888889
43.1156093,-74.4236782,2019,0.397119342,77.86831276,243,32.71481481
43.1156093,-74.4236782,2020,1.648770492,74.72540984,244,34.96778689
43.1156093,-74.4236782,2021,2.150205761,74.36213992,243,35.87037037
43.1156093,-74.4236782,2022,2.004115226,75.13168724,243,35.60740741
43.1156093,-74.4236782,2023,3.141975309,73.11522634,243,37.65555556
43.1156093,-74.4236782,2024,3.431967213,76.19672131,244,38.17754098
43.1156093,-74.4236782,2025,1.495473251,76.41975309,243,34.69185185
43.1156093,-74.4236782,2026,-2.510322581,76.83225806,155,27.48141935
43.1631,-74.8741,2010,1.935390947,76.26748971,243,35.4837037
43.1631,-74.8741,2011,0.387242798,77.40329218,243,32.69703704
43.1631,-74.8741,2012,3.487704918,74.4795082,244,38.27786885
43.1631,-74.8741,2013,1.162962963,75.94238683,243,34.09333333
43.1631,-74.8741,2014,-0.503292181,74.31687243,243,31.09407407
43.1631,-74.8741,2015,-0.326337449,74.10699588,243,31.41259259
43.1631,-74.8741,2016,2.652459016,73.05737705,244,36.77442623
43.1631,-74.8741,2017,1.895061728,76.83127572,243,35.41111111
43.1631,-74.8741,2018,0.999588477,75.11522634,243,33.79925926
43.1631,-74.8741,2019,0.312757202,77.09876543,243,32.56296296
43.1631,-74.8741,2020,1.403688525,74.6352459,244,34.52663934
43.1631,-74.8741,2021,1.79218107,74.77366255,243,35.22592593
43.1631,-74.8741,2022,1.852674897,74.8600823,243,35.33481481
43.1631,-74.8741,2023,2.738683128,73.44855967,243,36.92962963
43.1631,-74.8741,2024,3.191393443,76.67622951,244,37.7445082
43.1631,-74.8741,2025,1.202057613,77.1399177,243,34.1637037
43.1631,-74.8741,2026,-2.907096774,77.76774194,155,26.76722581
43.174966,-77.639663,2010,4.370781893,73.72427984,243,39.86740741
43.174966,-77.639663,2011,2.841563786,74.97119342,243,37.11481481
43.174966,-77.639663,2012,6.344672131,71.46311475,244,43.42040984
43.174966,-77.639663,2013,4.061316872,72.51028807,243,39.31037037
43.174966,-77.639663,2014,2.19218107,70.37037037,243,35.94592593
43.174966,-77.639663,2015,2.54691358,70.71604938,243,36.58444444
43.174966,-77.639663,2016,5.233196721,70.13934426,244,41.4197541
43.174966,-77.639663,2017,5.411522634,72.38683128,243,41.74074074
43.174966,-77.639663,2018,4.132510288,71.48148148,243,39.43851852
43.174966,-77.639663,2019,3.283539095,73.83950617,243,37.91037037
43.174966,-77.639663,2020,4.315983607,73.35655738,244,39.76877049
43.174966,-77.639663,2021,5.037860082,70.12345679,243,41.06814815
43.174966,-77.639663,2022,4.769547325,73.61728395,243,40.58518519
43.174966,-77.639663,2023,5.153909465,72.55967078,243,41.27703704
43.174966,-77.639663,2024,6.316803279,74.68442623,244,43.3702459
43.174966,-77.639663,2025,4.530452675,74.80246914,243,40.15481481
43.174966,-77.639663,2026,0.849677419,76.15483871,155,33.52941935
43.202,-77.0104,2010,4.579835391,73.66255144,243,40.2437037
43.202,-77.0104,2011,3.000823045,75.02469136,243,37.40148148
43.202,-77.0104,2012,6.433606557,71.56557377,244,43.5804918
43.202,-77.0104,2013,4.137037037,72.93004115,243,39.44666667
43.202,-77.0104,2014,2.2781893,71.04115226,243,36.10074074
43.202,-77.0104,2015,2.6218107,71.02880658,243,36.71925926
43.202,-77.0104,2016,5.29057377,70.67213115,244,41.52303279
43.202,-77.0104,2017,5.309053498,72.56790123,243,41.5562963
43.202,-77.0104,2018,3.997119342,71.88888889,243,39.19481481
43.202,-77.0104,2019,3.201646091,74.11934156,243,37.76296296
43.202,-77.0104,2020,4.280737705,72.80737705,244,39.70532787
43.202,-77.0104,2021,4.874897119,71.01646091,243,40.77481481
43.202,-77.0104,2022,4.737037037,73.24691358,243,40.52666667
43.202,-77.0104,2023,5.138683128,71.9382716,243,41.24962963
43.202,-77.0104,2024,6.223770492,74.4057377,244,43.20278689
43.202,-77.0104,2025,4.387654321,74.58847737,243,39.89777778
43.202,-77.0104,2026,0.574193548,76.37419355,155,33.03354839
43.203001,-78.71083,2010,4.627983539,73.02057613,243,40.33037037
43.203001,-78.71083,2011,3.279012346,72.9382716,243,37.90222222
43.203001,-78.71083,2012,6.792622951,70.55327869,244,44.22672131
43.203001,-78.71083,2013,4.562962963,70.70781893,243,40.21333333
43.203001,-78.71083,2014,2.553909465,69.90946502,243,36.59703704
43.203001,-78.71083,2015,2.862962963,70.32510288,243,37.15333333
43.203001,-78.71083,2016,5.730327869,69.1557377,244,42.31459016
43.203001,-78.71083,2017,5.787242798,70.44444444,243,42.41703704
43.203001,-78.71083,2018,4.102057613,70.41152263,243,39.3837037
43.203001,-78.71083,2019,3.427983539,72.06584362,243,38.17037037
43.203001,-78.71083,2020,4.538114754,71.21311475,244,40.16860656
43.203001,-78.71083,2021,5.21399177,69.17695473,243,41.38518519
43.203001,-78.71083,2022,4.964197531,71.44855967,243,40.93555556
43.203001,-78.71083,2023,5.267489712,71.16460905,243,41.48148148
43.203001,-78.71083,2024,6.526229508,72.70901639,244,43.74721311
43.203001,-78.71083,2025,4.488065844,74.16460905,243,40.07851852
43.203001,-78.71083,2026,0.675483871,76.15483871,155,33.21587097
43.209007,-78.254897,2010,4.197119342,73.79423868,243,39.55481481
43.209007,-78.254897,2011,2.825925926,74.03292181,243,37.08666667
43.209007,-78.254897,2012,6.328688525,71.20491803,244,43.39163934
43.209007,-78.254897,2013,4.069135802,71.58436214,243,39.32444444
43.209007,-78.254897,2014,2.117695473,70.27572016,243,35.81185185
43.209007,-78.254897,2015,2.44526749,70.91358025,243,36.40148148
43.209007,-78.254897,2016,5.262295082,69.5942623,244,41.47213115
43.209007,-78.254897,2017,5.344855967,71.65843621,243,41.62074074
43.209007,-78.254897,2018,3.785596708,71.5473251,243,38.81407407
43.209007,-78.254897,2019,3.083539095,73.67901235,243,37.55037037
43.209007,-78.254897,2020,4.153278689,72.65163934,244,39.47590164
43.209007,-78.254897,2021,4.867489712,69.91769547,243,40.76148148
43.209007,-78.254897,2022,4.643209877,72.52263374,243,40.35777778
43.209007,-78.254897,2023,4.925514403,72.1563786,243,40.86592593
43.209007,-78.254897,2024,6.166393443,74.12295082,244,43.0995082
43.209007,-78.254897,2025,4.146502058,75.32921811,243,39.4637037
43.209007,-78.254897,2026,0.26,77.44516129,155,32.468
43.2427273,-75.4342824,2010,3.727983539,75.93004115,243,38.71037037
43.2427273,-75.4342824,2011,2.312345679,76.82716049,243,36.16222222
43.2427273,-75.4342824,2012,5.518852459,73.56967213,244,41.93393443
43.2427273,-75.4342824,2013,3.16090535,75.09876543,243,37.68962963
43.2427273,-75.4342824,2014,1.418930041,73.58847737,243,34.55407407
43.2427273,-75.4342824,2015,1.63127572,73.36625514,243,34.9362963
43.2427273,-75.4342824,2016,4.504918033,72.69262295,244,40.10885246
43.2427273,-75.4342824,2017,3.680246914,76.02880658,243,38.62444444
43.2427273,-75.4342824,2018,2.594650206,74.51851852,243,36.67037037
43.2427273,-75.4342824,2019,2.003292181,75.8436214,243,35.60592593
43.2427273,-75.4342824,2020,2.956967213,74.36885246,244,37.32254098
43.2427273,-75.4342824,2021,3.426337449,73.77366255,243,38.16740741
43.2427273,-75.4342824,2022,3.410699588,74.77777778,243,38.13925926
43.2427273,-75.4342824,2023,4.174485597,73.781893,243,39.51407407
43.2427273,-75.4342824,2024,4.925,76.43852459,244,40.865
43.2427273,-75.4342824,2025,2.80617284,76.74074074,243,37.05111111
43.2427273,-75.4342824,2026,-1.332258065,77.52903226,155,29.60193548
43.3123766,-73.4394282,2010,3.496707819,73.2962963,243,38.29407407
43.3123766,-73.4394282,2011,1.87037037,74.64609053,243,35.36666667
43.3123766,-73.4394282,2012,5.253688525,70.92213115,244,41.45663934
43.3123766,-73.4394282,2013,3.106584362,71.35802469,243,37.59185185
43.3123766,-73.4394282,2014,1.208230453,70.7037037,243,34.17481481
43.3123766,-73.4394282,2015,1.43127572,69.85185185,243,34.5762963
43.3123766,-73.4394282,2016,4.431147541,69.16803279,244,39.97606557
43.3123766,-73.4394282,2017,3.786831276,72.10699588,243,38.8162963
43.3123766,-73.4394282,2018,2.839506173,71.80246914,243,37.11111111
43.3123766,-73.4394282,2019,2.205349794,71.81893004,243,35.96962963
43.3123766,-73.4394282,2020,3.348360656,70.37704918,244,38.02704918
43.3123766,-73.4394282,2021,3.641563786,71.6872428,243,38.55481481
43.3123766,-73.4394282,2022,3.709053498,70.84773663,243,38.6762963
43.3123766,-73.4394282,2023,4.503292181,70.83950617,243,40.10592593
43.3123766,-73.4394282,2024,4.960655738,72.50409836,244,40.92918033
43.3123766,-73.4394282,2025,3.199176955,72.18930041,243,37.75851852
43.3123766,-73.4394282,2026,-1.30516129,73.78709677,155,29.65070968
43.4614428,-76.209258,2010,4.046502058,75.85596708,243,39.2837037
43.4614428,-76.209258,2011,2.535802469,76.86831276,243,36.56444444
43.4614428,-76.209258,2012,5.724590164,74.37704918,244,42.3042623
43.4614428,-76.209258,2013,3.434567901,75.63374486,243,38.18222222
43.4614428,-76.209258,2014,1.555555556,74.3909465,243,34.8
43.4614428,-76.209258,2015,1.81563786,74.13580247,243,35.26814815
43.4614428,-76.209258,2016,4.66352459,73.40983607,244,40.39434426
43.4614428,-76.209258,2017,4.461728395,75.25102881,243,40.03111111
43.4614428,-76.209258,2018,3.389300412,73.14814815,243,38.10074074
43.4614428,-76.209258,2019,2.589711934,74.86419753,243,36.66148148
43.4614428,-76.209258,2020,3.669672131,73.40163934,244,38.60540984
43.4614428,-76.209258,2021,4.151851852,72.67489712,243,39.47333333
43.4614428,-76.209258,2022,4.137037037,73.93415638,243,39.44666667
43.4614428,-76.209258,2023,4.650617284,73.18930041,243,40.37111111
43.4614428,-76.209258,2024,5.657786885,75.96311475,244,42.18401639
43.4614428,-76.209258,2025,3.793415638,75.51440329,243,38.82814815
43.4614428,-76.209258,2026,0.034193548,75.76129032,155,32.06154839
43.5551053,-73.8381388,2010,2.916460905,74.33333333,243,37.24962963
43.5551053,-73.8381388,2011,1.180246914,75.71604938,243,34.12444444
43.5551053,-73.8381388,2012,4.319262295,73.42213115,244,39.77467213
43.5551053,-73.8381388,2013,2.293004115,73.16872428,243,36.12740741
43.5551053,-73.8381388,2014,0.342386831,72.59670782,243,32.6162963
43.5551053,-73.8381388,2015,0.623868313,71.44855967,243,33.12296296
43.5551053,-73.8381388,2016,3.585655738,70.87295082,244,38.45418033
43.5551053,-73.8381388,2017,2.877366255,73.77777778,243,37.17925926
43.5551053,-73.8381388,2018,2.198765432,71.86419753,243,35.95777778
43.5551053,-73.8381388,2019,1.32345679,73.22633745,243,34.38222222
43.5551053,-73.8381388,2020,2.571721311,71.34016393,244,36.62909836
43.5551053,-73.8381388,2021,3.019341564,71.8436214,243,37.43481481
43.5551053,-73.8381388,2022,2.866255144,72.06584362,243,37.15925926
43.5551053,-73.8381388,2023,3.904526749,71.38271605,243,39.02814815
43.5551053,-73.8381388,2024,4.27704918,73.95491803,244,39.69868852
43.5551053,-73.8381388,2025,2.677366255,72.10699588,243,36.81925926
43.5551053,-73.8381388,2026,-1.5,72.10322581,155,29.3
43.6578786,-74.5024556,2010,0.595473251,77.4691358,243,33.07185185
43.6578786,-74.5024556,2011,-1.118106996,79.11111111,243,29.98740741
43.6578786,-74.5024556,2012,1.884836066,77.22131148,244,35.39270492
43.6578786,-74.5024556,2013,-0.211111111,77.29218107,243,31.62
43.6578786,-74.5024556,2014,-1.981069959,76.48148148,243,28.43407407
43.6578786,-74.5024556,2015,-1.813580247,75.94650206,243,28.73555556
43.6578786,-74.5024556,2016,1.203688525,74.85245902,244,34.16663934
43.6578786,-74.5024556,2017,0.0781893,79.44855967,243,32.14074074
43.6578786,-74.5024556,2018,-0.941975309,77.30452675,243,30.30444444
43.6578786,-74.5024556,2019,-1.846090535,80.24691358,243,28.67703704
43.6578786,-74.5024556,2020,-0.539754098,76.66393443,244,31.02844262
43.6578786,-74.5024556,2021,-0.044444444,76.58024691,243,31.92
43.6578786,-74.5024556,2022,-0.195061728,77.89711934,243,31.64888889
43.6578786,-74.5024556,2023,0.861316872,76.19753086,243,33.55037037
43.6578786,-74.5024556,2024,1.325819672,79.88934426,244,34.38647541
43.6578786,-74.5024556,2025,-0.569958848,79.05761317,243,30.97407407
43.6578786,-74.5024556,2026,-4.618064516,79.51612903,155,23.68748387
43.7863965,-75.4426165,2010,2.886419753,76.61316872,243,37.19555556
43.7863965,-75.4426165,2011,1.20781893,78.22633745,243,34.17407407
43.7863965,-75.4426165,2012,4.239754098,75.95081967,244,39.63155738
43.7863965,-75.4426165,2013,2.07037037,76.51440329,243,35.72666667
43.7863965,-75.4426165,2014,0.282716049,75.73251029,243,32.50888889
43.7863965,-75.4426165,2015,0.474485597,75.14403292,243,32.85407407
43.7863965,-75.4426165,2016,3.407377049,74.11065574,244,38.13327869
43.7863965,-75.4426165,2017,3.101646091,76.04526749,243,37.58296296
43.7863965,-75.4426165,2018,2.209465021,72.56790123,243,35.97703704
43.7863965,-75.4426165,2019,1.413580247,74.74074074,243,34.54444444
43.7863965,-75.4426165,2020,2.534016393,72.29918033,244,36.56122951
43.7863965,-75.4426165,2021,3.008230453,72.32510288,243,37.41481481
43.7863965,-75.4426165,2022,2.972427984,72.8600823,243,37.35037037
43.7863965,-75.4426165,2023,3.856378601,71.67901235,243,38.94148148
43.7863965,-75.4426165,2024,4.608196721,75.32377049,244,40.2947541
43.7863965,-75.4426165,2025,2.424279835,75.18106996,243,36.3637037
43.7863965,-75.4426165,2026,-1.823870968,75.89677419,155,28.71703226
44.0607,-75.9928,2010,3.453497942,75.75720165,243,38.2162963
44.0607,-75.9928,2011,1.859670782,76.22633745,243,35.34740741
44.0607,-75.9928,2012,4.983196721,74.67622951,244,40.9697541
44.0607,-75.9928,2013,2.783539095,75.05761317,243,37.01037037
44.0607,-75.9928,2014,0.91563786,74.14814815,243,33.64814815
44.0607,-75.9928,2015,1.116460905,73.36625514,243,34.00962963
44.0607,-75.9928,2016,3.94057377,73.45081967,244,39.09303279
44.0607,-75.9928,2017,4.033333333,74.63786008,243,39.26
44.0607,-75.9928,2018,2.788477366,73,243,37.01925926
44.0607,-75.9928,2019,1.990123457,74.1399177,243,35.58222222
44.0607,-75.9928,2020,3.224180328,72.40163934,244,37.80352459
44.0607,-75.9928,2021,3.648148148,72.41563786,243,38.56666667
44.0607,-75.9928,2022,3.579835391,73.32510288,243,38.4437037
44.0607,-75.9928,2023,4.28436214,73.60493827,243,39.71185185
44.0607,-75.9928,2024,5.263934426,75.40163934,244,41.47508197
44.0607,-75.9928,2025,3.144032922,75.27983539,243,37.65925926
44.0607,-75.9928,2026,-1.032903226,75.81290323,155,30.14077419
44.1089711,-73.7775726,2010,-0.018930041,77.20987654,243,31.96592593
44.1089711,-73.7775726,2011,-1.751440329,78.3127572,243,28.84740741
44.1089711,-73.7775726,2012,1.206967213,76.23770492,244,34.17254098
44.1089711,-73.7775726,2013,-0.672016461,75.76131687,243,30.79037037
44.1089711,-73.7775726,2014,-2.635802469,75.43621399,243,27.25555556
44.1089711,-73.7775726,2015,-2.439917695,74.80658436,243,27.60814815
44.1089711,-73.7775726,2016,0.478278689,73.94672131,244,32.86090164
44.1089711,-73.7775726,2017,-0.812345679,79.04526749,243,30.53777778
44.1089711,-73.7775726,2018,-2.082304527,77.40740741,243,28.25185185
44.1089711,-73.7775726,2019,-3.11563786,79.68312757,243,26.39185185
44.1089711,-73.7775726,2020,-1.672540984,76.76639344,244,28.98942623
44.1089711,-73.7775726,2021,-1.002469136,76.38683128,243,30.19555556
44.1089711,-73.7775726,2022,-1.358436214,77.76131687,243,29.55481481
44.1089711,-73.7775726,2023,-0.081893004,76.48971193,243,31.85259259
44.1089711,-73.7775726,2024,0.105327869,80.8852459,244,32.18959016
44.1089711,-73.7775726,2025,-1.595061728,78.32510288,243,29.12888889
44.1089711,-73.7775726,2026,-5.600645161,78.70967742,155,21.91883871
44.4881125,-75.074311,2010,2.462962963,74.35802469,243,36.43333333
44.4881125,-75.074311,2011,0.874897119,74.7654321,243,33.57481481
44.4881125,-75.074311,2012,3.810245902,72.8647541,244,38.85844262
44.4881125,-75.074311,2013,1.879835391,72.76954733,243,35.3837037
44.4881125,-75.074311,2014,-0.116460905,72.9218107,243,31.79037037
44.4881125,-75.074311,2015,0.230864198,70.86419753,243,32.41555556
44.4881125,-75.074311,2016,2.935655738,70.54508197,244,37.28418033
44.4881125,-75.074311,2017,2.730452675,74.39917695,243,36.91481481
44.4881125,-75.074311,2018,1.611111111,72.12757202,243,34.9
44.4881125,-75.074311,2019,0.604115226,74.25102881,243,33.08740741
44.4881125,-75.074311,2020,2.086065574,70.80327869,244,35.75491803
44.4881125,-75.074311,2021,2.679012346,70.51028807,243,36.82222222
44.4881125,-75.074311,2022,2.355967078,72.36213992,243,36.24074074
44.4881125,-75.074311,2023,3.407407407,70.97530864,243,38.13333333
44.4881125,-75.074311,2024,4.218852459,74.5204918,244,39.59393443
44.4881125,-75.074311,2025,2.116872428,73.88477366,243,35.81037037
44.4881125,-75.074311,2026,-2.249032258,74.84516129,155,27.95174194
44.5943743,-74.3106698,2010,0.936625514,76.94238683,243,33.68592593
44.5943743,-74.3106698,2011,-0.773251029,77.7037037,243,30.60814815
44.5943743,-74.3106698,2012,2.265983607,75.15983607,244,36.07877049
44.5943743,-74.3106698,2013,0.344032922,75.0617284,243,32.61925926
44.5943743,-74.3106698,2014,-1.596296296,74.90946502,243,29.12666667
44.5943743,-74.3106698,2015,-1.368312757,73.61728395,243,29.53703704
44.5943743,-74.3106698,2016,1.420901639,72.71311475,244,34.55762295
44.5943743,-74.3106698,2017,0.688888889,77.75720165,243,33.24
44.5943743,-74.3106698,2018,-0.336213992,75.3127572,243,31.39481481
44.5943743,-74.3106698,2019,-1.483950617,77.55967078,243,29.32888889
44.5943743,-74.3106698,2020,0.116393443,73.89754098,244,32.2095082
44.5943743,-74.3106698,2021,0.665020576,74.41563786,243,33.19703704
44.5943743,-74.3106698,2022,0.288065844,75.91769547,243,32.51851852
44.5943743,-74.3106698,2023,1.483950617,74.65020576,243,34.67111111
44.5943743,-74.3106698,2024,1.965983607,78.37704918,244,35.53877049
44.5943743,-74.3106698,2025,-0.025514403,77.47736626,243,31.95407407
44.5943743,-74.3106698,2026,-4.352903226,78.14193548,155,24.16477419
44.7527103,-73.7056478,2010,0.459259259,75.57201646,243,32.82666667
44.7527103,-73.7056478,2011,-1.404526749,76.84773663,243,29.47185185
44.7527103,-73.7056478,2012,1.584836066,74.28278689,244,34.85270492
44.7527103,-73.7056478,2013,-0.230041152,73.70781893,243,31.58592593
44.7527103,-73.7056478,2014,-2.23127572,73.83539095,243,27.9837037
44.7527103,-73.7056478,2015,-1.803292181,71.19341564,243,28.75407407
44.7527103,-73.7056478,2016,0.683606557,72.05737705,244,33.2304918
44.7527103,-73.7056478,2017,0.545679012,76.31687243,243,32.98222222
44.7527103,-73.7056478,2018,-0.098353909,73.19341564,243,31.82296296
44.7527103,-73.7056478,2019,-1.654320988,76.77777778,243,29.02222222
44.7527103,-73.7056478,2020,0.196311475,72.51639344,244,32.35336066
44.7527103,-73.7056478,2021,0.877366255,72.60082305,243,33.57925926
44.7527103,-73.7056478,2022,0.347325103,74.36213992,243,32.62518519
44.7527103,-73.7056478,2023,1.653909465,73.33333333,243,34.97703704
44.7527103,-73.7056478,2024,1.908196721,77.3647541,244,35.4347541
44.7527103,-73.7056478,2025,0.151028807,75.56378601,243,32.27185185
44.7527103,-73.7056478,2026,-4.058709677,75.83225806,155,24.69432258
