county,fips,year,population,total_cases,poor_or_fair_health_raw_value,mean_temp_f,mean_humidity_percent,unemployment_raw_value,gdp,children_in_poverty_raw_value,uninsured_raw_value
ALBANY,36001,2012,298284,521,0.121,41.96122951,70.66393443,0.072,28723744,0.174,0.093
ALBANY,36001,2013,303565,567,0.128,37.83185185,71.90123457,0.07,29431456,0.189,0.102
ALBANY,36001,2015,306945,713,0.129,35.36962963,70,0.0625537376,30964946,0.161,0.0957423537
ALBANY,36001,2016,308171,701,0.122,40.82,68.39754098,0.0489919957,31617026,0.185,0.0888753701
ALBANY,36001,2017,309381,1708,0.123054489,39.24962963,71.48148148,0.0441321887,31742890,0.164,0.0734180501
ALBANY,36001,2018,308846,1352,0.134795327,37.57111111,71.2962963,0.0404401114,31793879,0.156,0.054516989
ALBANY,36001,2019,309612,1719,0.134795327,36.50296296,72.45679012,0.0426133167,32919078,0.132,0.0436613592
ALBANY,36001,2020,307117,34,0.1420867141,38.51983607,69.84016393,0.0367928983,32615216,0.153,0.0440093817
ALBANY,36001,2021,305506,782,0.1349705829,39.09407407,70.20987654,0.0364891644,35064687,0.16,0.0416842593
ALBANY,36001,2022,303654,3450,0.147,39.03851852,70.35390947,0.0718190255,35391018,0.125,0.0402853704
ALLEGANY,36003,2012,49157,123,0.161,41.07745902,74.05327869,0.094,1400930,0.23,0.115
ALLEGANY,36003,2013,48778,160,0.144,36.65333333,75.22633745,0.087,1407913,0.244,0.122
ALLEGANY,36003,2015,48109,87,0.163,34.12444444,74.42798354,0.0757050345,1466756,0.256,0.1072901204
ALLEGANY,36003,2016,47736,211,0.135,39.61901639,72.79508197,0.0619002742,1439469,0.265,0.1099229874
ALLEGANY,36003,2017,47462,205,0.137137562,39.05037037,75.18518519,0.0576980825,1697623,0.256,0.0848583359
ALLEGANY,36003,2018,47077,364,0.1490841487,36.17259259,74.03703704,0.0624752279,1661773,0.258,0.0615511457
ALLEGANY,36003,2019,46894,492,0.1490841487,35.86666667,76.00823045,0.0670258838,1708216,0.25,0.0558585072
ALLEGANY,36003,2020,46430,14,0.1441629236,37.2657377,74.96721311,0.0563177637,1514422,0.228,0.0585377276
ALLEGANY,36003,2021,46091,202,0.1750506917,37.68296296,73.99588477,0.0545753819,1473140,0.268,0.0570917759
ALLEGANY,36003,2022,45587,692,0.184,37.95481481,73.66255144,0.0806807438,1430211,0.21,0.0554221993
BRONX,36005,2012,1397287,3954,0.254,47.52131148,71.16393443,0.128,37064343,0.422,0.167
BRONX,36005,2013,1392002,4242,0.243,43.72148148,71.86831276,0.123,38015572,0.409,0.17
BRONX,36005,2014,1408473,3489,0.242,41.12592593,70.1399177,0.1265713142,38445020,0.44,0.1648093047
BRONX,36005,2015,1418733,4982,0.242,41.35333333,70.06584362,0.1183916311,38609160,0.416,0.1582613262
BRONX,36005,2016,1438159,6096,0.287,46.3992623,70.82786885,0.0980482337,39590448,0.43,0.1557491128
BRONX,36005,2017,1455444,11749,0.2752054161,45.04148148,70.88477366,0.0774213343,39476535,0.426,0.1389545961
BRONX,36005,2018,1455720,10902,0.268376738,44.32148148,69.91358025,0.0711432691,42861240,0.398,0.1110470163
BRONX,36005,2019,1471160,20962,0.268376738,43.94740741,70.18106996,0.0619851395,44823621,0.393,0.0938560187
BRONX,36005,2020,1432132,150,0.2679894691,44.89508197,70.1147541,0.0566447255,43053702,0.376,0.0890274368
BRONX,36005,2021,1418207,7951,0.2931900863,44.93555556,69.81481481,0.0535991848,43531996,0.365,0.086933588
BRONX,36005,2022,1401142,30053,0.3,45.6162963,69.60493827,0.1603090885,43713280,0.306,0.0851196148
BROOME,36007,2012,194630,822,0.138,42.99254098,71.79098361,0.088,9530681,0.234,0.114
BROOME,36007,2013,199031,549,0.138,38.87777778,73.05349794,0.085,9306605,0.244,0.118
BROOME,36007,2015,197534,653,0.133,36.31111111,70.99588477,0.0784856575,9047065,0.25,0.1065012667
BROOME,36007,2016,197349,1352,0.137,41.73622951,70.08606557,0.0659646739,8915673,0.236,0.0986871363
BROOME,36007,2017,196567,2214,0.1428779824,39.82962963,74.12345679,0.0604774231,9063798,0.232,0.0724305569
BROOME,36007,2018,195334,1503,0.1720023675,37.47777778,72.81893004,0.0540874204,9031322,0.244,0.0641665469
BROOME,36007,2019,193639,2776,0.1720023675,37.34518519,74.19341564,0.0561425992,9144907,0.212,0.0539657339
BROOME,36007,2020,191659,47,0.1592998494,38.48147541,72.72540984,0.048645262,8822496,0.239,0.0533783014
BROOME,36007,2021,190488,1233,0.1695898572,38.99703704,72.69958848,0.0474090408,9121031,0.249,0.0520853236
BROOME,36007,2022,189420,3628,0.186,39.11333333,72.65432099,0.0866820518,9043815,0.238,0.0520782836
CATTARAUGUS,36009,2012,79689,108,0.203,39.77614754,75.33606557,0.091,3029292,0.221,0.126
CATTARAUGUS,36009,2013,79832,35,0.2,35.25407407,76.74485597,0.087,3078891,0.28,0.141
CATTARAUGUS,36009,2015,78892,87,0.182,32.70222222,75.97530864,0.0808058002,3074534,0.287,0.1296364814
CATTARAUGUS,36009,2016,78600,105,0.139,38.33688525,74.31147541,0.0687826371,2998787,0.234,0.1154770826
CATTARAUGUS,36009,2017,77922,492,0.1459180424,38.40888889,76.97119342,0.0620351496,2888306,0.261,0.0948922359
CATTARAUGUS,36009,2018,77677,413,0.1852914104,35.74962963,76.27572016,0.0590938936,2826009,0.205,0.0750964108
CATTARAUGUS,36009,2019,77348,447,0.1852914104,35.31259259,78.58436214,0.0624783662,2893957,0.234,0.0717447496
CATTARAUGUS,36009,2020,76840,72,0.1637069987,36.90868852,76.89344262,0.0534979424,2688890,0.244,0.0648280157
CATTARAUGUS,36009,2021,76117,194,0.1962491586,37.32296296,75.50205761,0.0505253217,2791441,0.215,0.0648834658
CATTARAUGUS,36009,2022,75863,743,0.197,37.51925926,76.16872428,0.0941403657,2821143,0.22,0.0693304389
CAYUGA,36011,2012,79526,216,0.146,42.97557377,72.55737705,0.083,2795632,0.19,0.122
CAYUGA,36011,2013,79738,171,0.153,38.94444444,73.69547325,0.077,2894548,0.21,0.129
CAYUGA,36011,2015,79477,202,0.114,36.13925926,71.72427984,0.0716046309,2920122,0.222,0.1038651942
CAYUGA,36011,2016,78823,468,0.124,40.99852459,71.85655738,0.0597656043,2829277,0.198,0.1037872863
CAYUGA,36011,2017,78288,1167,0.123674193,41.25333333,72.96296296,0.0539317468,2802820,0.203,0.0754811337
CAYUGA,36011,2018,77861,780,0.1365135938,39.3562963,71.66666667,0.0503495362,2801933,0.187,0.0669135279
CAYUGA,36011,2019,77603,689,0.1365135938,38.14740741,73.61728395,0.051004594,2883105,0.197,0.0554282039
CAYUGA,36011,2020,77145,7,0.141583723,40.00188525,72.09016393,0.0447794404,2883655,0.176,0.0506181089
CAYUGA,36011,2021,76576,195,0.1737835253,40.86148148,70.75720165,0.0428627058,2961969,0.205,0.0476916044
CAYUGA,36011,2022,76029,1492,0.181,40.82592593,72.24279835,0.0790298444,3034390,0.153,0.0476969436
CHAUTAUQUA,36013,2012,133503,482,0.166,41.30319672,75.71311475,0.088,5314271,0.254,0.119
CHAUTAUQUA,36013,2013,134368,298,0.164,36.76074074,76.80658436,0.079,5168399,0.309,0.121
CHAUTAUQUA,36013,2015,133080,369,0.16,33.97111111,76.47325103,0.0789187787,4954943,0.295,0.1035408989
CHAUTAUQUA,36013,2016,132053,543,0.138,39.69795082,74.67622951,0.0679924472,4865782,0.288,0.1066342381
CHAUTAUQUA,36013,2017,130779,1418,0.1485871148,40.75037037,75.50205761,0.0612417702,4818623,0.282,0.0787841489
CHAUTAUQUA,36013,2018,129504,800,0.1808941004,38.0437037,75.0617284,0.0577250479,4827335,0.289,0.0659255934
CHAUTAUQUA,36013,2019,129046,881,0.1808941004,37.38592593,77.03292181,0.0607655674,4802381,0.275,0.0557711586
CHAUTAUQUA,36013,2020,127939,34,0.180179014,39.09745902,75.46311475,0.0502973106,4443060,0.27,0.0527599202
CHAUTAUQUA,36013,2021,126903,272,0.1793953865,39.60148148,73.7654321,0.0471860678,4593507,0.244,0.0551184325
CHAUTAUQUA,36013,2022,126032,1627,0.198,39.66962963,75.25102881,0.0891729409,4707912,0.194,0.0542911925
CHEMUNG,36015,2012,88331,149,0.207,41.56581967,71.68852459,0.085,3982880,0.227,0.114
CHEMUNG,36015,2013,88840,55,0.217,37.47185185,72.781893,0.079,4012432,0.242,0.107
CHEMUNG,36015,2015,88506,193,0.193,34.83259259,70.95061728,0.0824639714,3880865,0.255,0.0943800761
CHEMUNG,36015,2016,87770,595,0.127,40.04909836,70.46721311,0.0626496616,3789358,0.266,0.0856147624
CHEMUNG,36015,2017,87071,485,0.1382527022,39.94074074,73.16460905,0.0591938883,3691136,0.232,0.0648422952
CHEMUNG,36015,2018,86322,838,0.1609387713,38.08740741,70.83127572,0.0566307455,3741851,0.227,0.0507944892
CHEMUNG,36015,2019,85557,1268,0.1609387713,37.72,73.27160494,0.0559489295,3715758,0.237,0.0458707388
CHEMUNG,36015,2020,84254,7,0.1474862208,38.93811475,72.28688525,0.0466174766,3547412,0.2,0.0417586739
CHEMUNG,36015,2021,83456,632,0.1759972435,39.50444444,71.82716049,0.0421485479,3665392,0.203,0.0412185553
CHEMUNG,36015,2022,82622,2042,0.18,39.66296296,71.56790123,0.0875529213,3652283,0.201,0.041139932
CHENANGO,36017,2012,50620,267,0.126,40.15680328,72.81557377,0.091,1971074,0.236,0.12
CHENANGO,36017,2013,50118,172,0.118,36.00962963,74.61728395,0.083,2045628,0.26,0.12
CHENANGO,36017,2015,49503,197,0.103,33.43851852,72.46090535,0.071035839,2219193,0.247,0.1130404925
CHENANGO,36017,2016,49426,493,0.131,38.87688525,71.22131148,0.0615292199,2304280,0.246,0.098677163
CHENANGO,36017,2017,48844,567,0.1410993838,37.60666667,75.8600823,0.0557715569,2256103,0.233,0.0849463444
CHENANGO,36017,2018,48579,553,0.1621190431,35.99407407,74.30864198,0.0504014662,2272465,0.218,0.0648313974
CHENANGO,36017,2019,47863,613,0.1621190431,35.38222222,76.26748971,0.0540432877,2313663,0.182,0.0513610019
CHENANGO,36017,2020,47536,25,0.1473507665,36.69991803,74.67213115,0.0467077088,2180689,0.223,0.0509434957
CHENANGO,36017,2021,47207,187,0.176177158,37.43259259,73.96296296,0.0444746377,2144033,0.201,0.04929183
CHENANGO,36017,2022,46730,867,0.186,37.52296296,74.09876543,0.0688878676,2267131,0.157,0.046155514
CLINTON,36019,2012,81618,49,0.131,34.85270492,74.28278689,0.102,3759448,0.188,0.132
CLINTON,36019,2013,81945,70,0.143,31.58592593,73.70781893,0.099,3809799,0.199,0.113
CLINTON,36019,2015,81591,149,0.145,28.75407407,71.19341564,0.086246457,3839374,0.205,0.1027868259
CLINTON,36019,2016,81632,213,0.134,33.2304918,72.05737705,0.0668811895,3808158,0.193,0.1013498527
CLINTON,36019,2017,81251,642,0.1433509274,32.98222222,76.31687243,0.0592563796,3770005,0.223,0.0805690967
CLINTON,36019,2018,81073,638,0.1534303918,31.82296296,73.19341564,0.0534875922,3695035,0.184,0.068383887
CLINTON,36019,2019,80980,567,0.1534303918,29.02222222,76.77777778,0.0536561156,3672522,0.173,0.0614364283
CLINTON,36019,2020,80695,24,0.1476726582,32.35336066,72.51639344,0.0438399034,3538404,0.169,0.0538578011
CLINTON,36019,2021,80485,526,0.1733723064,33.57925926,72.60082305,0.0435788662,3590733,0.168,0.0504816386
CLINTON,36019,2022,79778,1596,0.182,32.62518519,74.36213992,0.0796682371,3644343,0.131,0.0500597134
COLUMBIA,36021,2012,61618,148,0.141,43.64762295,70.01639344,0.076,2550232,0.159,0.126
COLUMBIA,36021,2013,62550,123,0.137,39.38962963,71.79835391,0.074,2528554,0.167,0.133
COLUMBIA,36021,2015,62243,129,0.131,37.03037037,69.28806584,0.0632135444,2598781,0.179,0.1183860148
COLUMBIA,36021,2016,62122,198,0.116,42.53,68.32377049,0.0472273391,2555718,0.18,0.1096359213
COLUMBIA,36021,2017,61509,336,0.1237609937,40.85851852,71.03292181,0.0407308717,2471607,0.194,0.0886047043
COLUMBIA,36021,2018,60989,358,0.115852845,39.4562963,70.47325103,0.0367458229,2354818,0.185,0.0718957006
COLUMBIA,36021,2019,60604,122,0.115852845,38.67185185,71.04115226,0.0384016276,2482005,0.162,0.0643502582
COLUMBIA,36021,2020,59916,3,0.1371713669,40.29770492,69.17622951,0.0331890791,2527388,0.164,0.0604193429
COLUMBIA,36021,2021,59461,113,0.1524541892,40.76962963,69.48559671,0.0322311664,2679308,0.154,0.05781904
COLUMBIA,36021,2022,59534,624,0.159,41.0637037,68.83539095,0.0619617935,2649217,0.16,0.05706018
CORTLAND,36023,2012,47996,153,0.153,40.77942623,73.65983607,0.091,1820218,0.195,0.115
CORTLAND,36023,2013,49363,79,0.154,36.63407407,75.4691358,0.084,1859594,0.223,0.114
CORTLAND,36023,2015,48976,100,0.173,33.98,73.60082305,0.0790454884,1912061,0.207,0.0968154169
CORTLAND,36023,2016,49024,254,0.122,39.26639344,72.66803279,0.0643831005,1791922,0.185,0.0897027188
CORTLAND,36023,2017,48494,593,0.131449126,37.98074074,76.58436214,0.0587420222,1779443,0.2,0.0746026767
CORTLAND,36023,2018,48070,676,0.1605198127,36.15111111,74.46090535,0.056682448,1803173,0.211,0.0520645367
CORTLAND,36023,2019,47786,923,0.1605198127,35.28888889,77.04938272,0.0587369606,1772504,0.201,0.0458945665
CORTLAND,36023,2020,47823,24,0.1340637237,36.72721311,75.48360656,0.0508134514,1753037,0.184,0.0422957432
CORTLAND,36023,2021,47581,398,0.1685029008,37.4837037,74.79423868,0.048921367,1772552,0.193,0.0438548405
CORTLAND,36023,2022,47173,1264,0.171,37.54444444,74.82304527,0.0794993987,1782287,0.157,0.0417452046
DELAWARE,36025,2012,45514,93,0.12,39.785,72.95491803,0.087,1846611,0.209,0.13
DELAWARE,36025,2013,47559,65,0.116,35.51037037,74.89711934,0.086,1880718,0.267,0.133
DELAWARE,36025,2015,46722,121,0.115,32.93037037,73.20164609,0.0800928338,1919040,0.291,0.1228811189
DELAWARE,36025,2016,46581,261,0.123,38.69467213,71.09836066,0.0648253372,1912715,0.226,0.1207736349
DELAWARE,36025,2017,46053,313,0.1460542736,36.90962963,75.7037037,0.0604998476,1982111,0.271,0.0962839297
DELAWARE,36025,2018,45523,373,0.1498064234,35.34,74.64197531,0.0549837066,1930101,0.286,0.0727218935
DELAWARE,36025,2019,45001,543,0.1498064234,34.75925926,76.30452675,0.0564279732,2069113,0.3,0.0652804642
DELAWARE,36025,2020,44527,37,0.1539314506,36.17172131,74.1557377,0.0482228227,2012410,0.262,0.0661934887
DELAWARE,36025,2021,44135,289,0.175691544,36.67851852,74.20576132,0.047130826,2213129,0.191,0.058421516800000003
DELAWARE,36025,2022,43938,781,0.185,36.7237037,74.32510288,0.0719888256,2332083,0.187,0.0572791599
DUTCHESS,36027,2012,293562,619,0.104,44.62655738,69.70901639,0.079,13837712,0.107,0.111
DUTCHESS,36027,2013,297999,380,0.112,40.45555556,71.20164609,0.074,14000302,0.115,0.109
DUTCHESS,36027,2015,296916,678,0.12,38.18666667,68.61316872,0.067591742,13826947,0.128,0.1050374324
DUTCHESS,36027,2016,296579,970,0.126,43.61368852,67.88934426,0.0532899692,13771521,0.129,0.0938834594
DUTCHESS,36027,2017,295754,1593,0.1194850317,41.75481481,71.02880658,0.0457981728,14140113,0.129,0.0815376571
DUTCHESS,36027,2018,294473,786,0.1337707659,40.25555556,71.61316872,0.0416654994,14048737,0.114,0.0621779839
DUTCHESS,36027,2019,295568,1180,0.1337707659,39.95111111,71.31687243,0.0433028157,14296118,0.129,0.0526663472
DUTCHESS,36027,2020,293718,100,0.1469691904,41.16672131,70.35245902,0.0368571706,13769280,0.11,0.053434454
DUTCHESS,36027,2021,294218,2033,0.1471689496,41.42592593,70.42798354,0.036094140500000003,14742779,0.098,0.0514201204
DUTCHESS,36027,2022,293293,6865,0.156,41.76074074,70.3127572,0.0766431322,15137772,0.086,0.0533922862
ERIE,36029,2012,909247,1688,0.139,43.26918033,72.70081967,0.082,53656459,0.209,0.098
ERIE,36029,2013,918028,863,0.137,39.12666667,73.00411523,0.079,53743185,0.226,0.1
ERIE,36029,2015,919866,2164,0.134,36.10222222,73.29218107,0.0740741542,56784096,0.231,0.0862341677
ERIE,36029,2016,922835,2372,0.137,41.63811475,70.82377049,0.0608604665,57064333,0.229,0.0841465404
ERIE,36029,2017,922578,5173,0.1384338419,41.96814815,72.99588477,0.0542014711,56612266,0.243,0.0688851474
ERIE,36029,2018,921046,4966,0.1590209225,39.3762963,72.63786008,0.048822103,57348021,0.198,0.054297432
ERIE,36029,2019,925528,5680,0.1590209225,38.55555556,73.79423868,0.0518962654,58581787,0.214,0.0454887385
ERIE,36029,2020,919719,405,0.1594717447,40.54852459,72.63114754,0.044140662,57875122,0.192,0.0449009631
ERIE,36029,2021,918702,1384,0.1665285409,41.07259259,71.74897119,0.0425637505,60516986,0.193,0.0442020478
ERIE,36029,2022,917241,7660,0.17,41.18814815,72.61316872,0.0950508888,61413166,0.178,0.0408415299
ESSEX,36031,2012,37686,63,0.118,34.17254098,76.23770492,0.093,1659525,0.193,0.144
ESSEX,36031,2013,39181,43,0.102,30.79037037,75.76131687,0.092,1698335,0.216,0.135
ESSEX,36031,2015,38762,40,0.082,27.60814815,74.80658436,0.0870328426,1606188,0.19,0.120894145
ESSEX,36031,2016,38679,73,0.116,32.86090164,73.94672131,0.0688910362,1628237,0.182,0.1108217894
ESSEX,36031,2017,38478,168,0.1239378416,30.53777778,79.04526749,0.0610871441,1584008,0.193,0.08764468
ESSEX,36031,2018,38102,146,0.1340950164,28.25185185,77.40740741,0.0534329049,1600315,0.183,0.0681722394
ESSEX,36031,2019,37956,191,0.1340950164,26.39185185,79.68312757,0.0555748122,1621323,0.168,0.0534504391
ESSEX,36031,2020,37300,98,0.1142002491,28.98942623,76.76639344,0.0488347582,1596977,0.161,0.052979893
ESSEX,36031,2021,36885,578,0.1620117606,30.19555556,76.38683128,0.0473668726,1702064,0.171,0.0449587755
ESSEX,36031,2022,36891,720,0.163,29.55481481,77.76131687,0.0813657828,1680386,0.149,0.0494985809
FRANKLIN,36033,2012,50274,88,0.168,36.07877049,75.15983607,0.09,1979927,0.222,0.182
FRANKLIN,36033,2013,51551,106,0.154,32.61925926,75.0617284,0.091,1972823,0.294,0.161
FRANKLIN,36033,2015,51688,108,0.152,29.53703704,73.61728395,0.0897962871,1866923,0.29,0.1415196814
FRANKLIN,36033,2016,51262,206,0.148,34.55762295,72.71311475,0.0728489669,1905359,0.246,0.1290853515
FRANKLIN,36033,2017,50660,235,0.1519325016,33.24,77.75720165,0.0652450357,1906558,0.262,0.1075574508
FRANKLIN,36033,2018,50409,732,0.1509977126,31.39481481,75.3127572,0.0564332946,1882900,0.262,0.0778342246
FRANKLIN,36033,2019,51116,536,0.1509977126,29.32888889,77.55967078,0.0607046342,1920211,0.267,0.0659853065
FRANKLIN,36033,2020,50293,1,0.1564206813,32.2095082,73.89754098,0.051610933,1857624,0.221,0.0738238512
FRANKLIN,36033,2021,50022,309,0.1924635138,33.19703704,74.41563786,0.0492505353,1934309,0.251,0.0683460208
FRANKLIN,36033,2022,49965,1212,0.202,32.51851852,75.91769547,0.0820440694,2013244,0.25,0.0701635836
FULTON,36035,2012,55053,97,0.156,39.09008197,73.87295082,0.101,1789951,0.242,0.12
FULTON,36035,2013,55180,69,0.169,34.94296296,75.0781893,0.1,1812043,0.253,0.129
FULTON,36035,2015,54586,113,0.181,32.39111111,72.69958848,0.0911927878,1743914,0.251,0.1124127506
FULTON,36035,2016,54105,151,0.129,37.74155738,71.82786885,0.0764181903,1895679,0.258,0.1039469245
FULTON,36035,2017,53992,345,0.1491329848,36.0437037,76.40740741,0.0656722779,1885996,0.269,0.0899083823
FULTON,36035,2018,53828,448,0.1657626746,34.22888889,75.08230453,0.0568659405,1829069,0.226,0.0671193463
FULTON,36035,2019,53877,524,0.1657626746,32.71481481,77.86831276,0.0584552044,1888385,0.253,0.0587633659
FULTON,36035,2020,53591,55,0.1574909683,34.96778689,74.72540984,0.0509682214,1843272,0.198,0.0567946119
FULTON,36035,2021,53383,254,0.187288923,35.87037037,74.36213992,0.0502736582,1834074,0.264,0.0505515791
FULTON,36035,2022,52812,1276,0.193,35.60740741,75.13168724,0.0861877471,1856225,0.202,0.0481968076
GENESEE,36037,2012,57868,206,0.137,42.85459016,71.63934426,0.076,2304449,0.169,0.099
GENESEE,36037,2013,59993,92,0.133,38.77333333,72.02057613,0.075,2346855,0.181,0.114
GENESEE,36037,2015,59454,273,0.12,35.87925926,71.46090535,0.067146207,2434347,0.193,0.1109016007
GENESEE,36037,2016,59162,298,0.118,40.99336066,69.96311475,0.0552102377,2403903,0.171,0.1002409438
GENESEE,36037,2017,58937,727,0.1242236474,41.01333333,72.59670782,0.050444415,2374864,0.194,0.0800427341
GENESEE,36037,2018,58482,581,0.1670799334,38.38666667,71.77366255,0.0456978456,2458721,0.162,0.0581781282
GENESEE,36037,2019,57956,598,0.1670799334,37.30592593,74.12345679,0.0487164822,2456671,0.145,0.0529597018
GENESEE,36037,2020,57511,7,0.1369986732,39.19704918,72.98360656,0.0417841321,2356544,0.141,0.0482538857
GENESEE,36037,2021,57280,182,0.1607320733,40.23259259,70.76131687,0.0394135055,2403311,0.136,0.0452675802
GENESEE,36037,2022,56994,743,0.165,40.11259259,72.16460905,0.0735101167,2493591,0.126,0.0441768856
GREENE,36039,2012,48947,118,0.115,38.65262295,70.7295082,0.086,2575920,0.21,0.143
GREENE,36039,2013,48954,83,0.092,34.5,72.33333333,0.087,2331433,0.218,0.13
GREENE,36039,2015,48455,84,0.109,32.08,70.40740741,0.0819608352,2343880,0.216,0.1131103296
GREENE,36039,2016,47967,131,0.121,37.74745902,68.25,0.0669932286,2430499,0.2,0.1054160212
GREENE,36039,2017,47625,236,0.1296319779,36.22296296,73.08230453,0.0574486466,2478772,0.243,0.0887389287
GREENE,36039,2018,47508,236,0.1640831806,35.01037037,73.26748971,0.050308058,2374522,0.213,0.0693879872
GREENE,36039,2019,47470,124,0.1640831806,33.95851852,75.34567901,0.0526087585,2285352,0.195,0.057297483
GREENE,36039,2020,47491,4,0.1427853418,35.64131148,72.68442623,0.0450928382,2330755,0.179,0.0564513794
GREENE,36039,2021,47188,78,0.1749838201,36.24518519,72.57613169,0.0450397119,2464553,0.185,0.055997668
GREENE,36039,2022,47177,548,0.191,36.26666667,72.79012346,0.0829840738,2747974,0.161,0.0497786958
HAMILTON,36041,2016,4715,12,0.104,34.16663934,74.85245902,0.0728612362,252632,0.206,0.1301272984
HAMILTON,36041,2017,4712,28,0.1210091181,32.14074074,79.44855967,0.0676722381,233351,0.194,0.096783541
HAMILTON,36041,2018,4542,13,0.1178317938,30.30444444,77.30452675,0.0647875473,233210,0.184,0.0745305164
HAMILTON,36041,2019,4485,25,0.1178317938,28.67703704,80.24691358,0.0756013746,228535,0.158,0.067265964
HAMILTON,36041,2020,4434,2,0.1387472855,31.02844262,76.66393443,0.0683797909,231682,0.155,0.0672430355
HAMILTON,36041,2021,4416,21,0.167078616,31.92,76.58024691,0.0600722674,229207,0.177,0.0626434897
HAMILTON,36041,2022,4345,76,0.197,31.64888889,77.89711934,0.0789350771,229884,0.141,0.0726424525
HERKIMER,36043,2012,62236,236,0.132,38.27786885,74.4795082,0.084,1801460,0.227,0.115
HERKIMER,36043,2013,64160,216,0.115,34.09333333,75.94238683,0.084,1861866,0.245,0.127
HERKIMER,36043,2015,64181,343,0.142,31.41259259,74.10699588,0.0808833267,1815721,0.254,0.113021453
HERKIMER,36043,2016,63744,502,0.125,36.77442623,73.05737705,0.0675262163,1773022,0.23,0.1096065803
HERKIMER,36043,2017,63100,796,0.1435725073,35.41111111,76.83127572,0.0627377741,1730399,0.203,0.0830114695
HERKIMER,36043,2018,62613,560,0.141529368,33.79925926,75.11522634,0.0545202854,1760828,0.237,0.0643163032
HERKIMER,36043,2019,62240,879,0.141529368,32.56296296,77.09876543,0.0577507599,1810081,0.212,0.0521716315
HERKIMER,36043,2020,61833,83,0.1603126072,34.52663934,74.6352459,0.0490889603,1794942,0.201,0.0492905917
HERKIMER,36043,2021,61319,478,0.1675043762,35.22592593,74.77366255,0.0491192897,1774303,0.19,0.049130245
HERKIMER,36043,2022,60945,1215,0.178,35.33481481,74.8600823,0.0818866689,1726356,0.162,0.047274879
JEFFERSON,36045,2012,118719,763,0.137,40.9697541,74.67622951,0.096,7272451,0.208,0.127
JEFFERSON,36045,2013,117910,212,0.135,37.01037037,75.05761317,0.097,7070837,0.263,0.134
JEFFERSON,36045,2015,119504,292,0.141,34.00962963,73.36625514,0.0954948178,6672802,0.226,0.1109555721
JEFFERSON,36045,2016,119103,593,0.13,39.09303279,73.45081967,0.0764256194,6541691,0.226,0.1027452949
JEFFERSON,36045,2017,117635,1302,0.1453222864,39.26,74.63786008,0.0674533362,6422238,0.211,0.0818009134
JEFFERSON,36045,2018,114006,1586,0.174705054,37.01925926,73,0.0622970116,6376427,0.215,0.0653575253
JEFFERSON,36045,2019,114187,1931,0.174705054,35.58222222,74.1399177,0.0655153448,6351089,0.21,0.06084141
JEFFERSON,36045,2020,111755,142,0.1641100287,37.80352459,72.40163934,0.0561634334,6210282,0.16,0.0467223943
JEFFERSON,36045,2021,109834,1281,0.1727520569,38.56666667,72.41563786,0.0562344963,6406723,0.206,0.0477610621
JEFFERSON,36045,2022,108095,2857,0.187,38.4437037,73.32510288,0.0866843746,6432449,0.178,0.0475461167
KINGS,36047,2012,2567098,2478,0.205,47.8392623,70.7704918,0.102,76808297,0.334,0.155
KINGS,36047,2013,2532645,2898,0.196,44.11481481,71.26748971,0.097,79133737,0.338,0.162
KINGS,36047,2014,2565635,2247,0.184,41.53111111,69.66666667,0.0993079649,82176799,0.345,0.1570669525
KINGS,36047,2015,2592149,4338,0.184,41.76740741,69.56790123,0.0937930067,86286764,0.333,0.1519326336
KINGS,36047,2016,2621793,4422,0.201,46.66409836,70.59836066,0.0768962193,88445504,0.331,0.1484995964
KINGS,36047,2017,2636735,11600,0.1714441023,45.66148148,70.75308642,0.0586878918,90473234,0.315,0.1236143685
KINGS,36047,2018,2629150,11194,0.1767601841,45.00518519,69.98353909,0.0532147658,98917400,0.284,0.1020265175
KINGS,36047,2019,2648771,21656,0.1767601841,44.68888889,70.67078189,0.0464138408,103398216,0.267,0.08791625
KINGS,36047,2020,2582830,523,0.1813073202,45.68590164,69.99590164,0.0422704566,100594413,0.26,0.0796616159
KINGS,36047,2021,2559903,12871,0.187332401,45.57037037,70.29218107,0.0406448221,103819211,0.247,0.0784997907
KINGS,36047,2022,2538934,37515,0.202,46.24740741,69.67901235,0.1253359742,107207826,0.235,0.0720412763
LEWIS,36049,2012,26157,171,0.149,39.63155738,75.95081967,0.092,945922,0.218,0.121
LEWIS,36049,2013,27072,55,0.149,35.72666667,76.51440329,0.095,966678,0.203,0.133
LEWIS,36049,2014,27224,117,0.167,32.50888889,75.73251029,0.1014089122,1031311,0.209,0.1279434851
LEWIS,36049,2015,27149,121,0.167,32.85407407,75.14403292,0.0955773956,1012128,0.229,0.1239166594
LEWIS,36049,2016,27220,277,0.122,38.13327869,74.11065574,0.0782169891,1058847,0.232,0.1207375711
LEWIS,36049,2017,26957,390,0.1177794547,37.58296296,76.04526749,0.070682185,1065508,0.224,0.0935153282
LEWIS,36049,2018,26865,345,0.1321947531,35.97703704,72.56790123,0.0669502339,1057155,0.243,0.0709149739
LEWIS,36049,2019,26551,286,0.1321947531,34.54444444,74.74074074,0.0671953611,1099815,0.202,0.0592716884
LEWIS,36049,2020,26447,8,0.1404334477,36.56122951,72.29918033,0.0554080671,1064643,0.18,0.0581709833
LEWIS,36049,2021,26296,265,0.1740663814,37.41481481,72.32510288,0.0553933356,1114573,0.186,0.050938213
LEWIS,36049,2022,26187,740,0.184,37.35037037,72.8600823,0.0767407147,1198756,0.167,0.0495457127
LIVINGSTON,36051,2012,62871,342,0.099,41.73696721,72.27459016,0.087,2076633,0.167,0.11
LIVINGSTON,36051,2013,65070,115,0.097,37.41407407,73.15226337,0.078,2129584,0.165,0.105
LIVINGSTON,36051,2014,64810,284,0.101,34.16962963,70.81069959,0.083255408,2113869,0.165,0.0932925022
LIVINGSTON,36051,2015,64705,106,0.101,34.51851852,72.55555556,0.0741972945,2048416,0.177,0.0946829571
LIVINGSTON,36051,2016,64586,169,0.127,39.7245082,71.40983607,0.0577982538,2064624,0.189,0.0908246131
LIVINGSTON,36051,2017,64717,693,0.1300353607,40.81851852,71.85185185,0.0535811744,2137488,0.164,0.069223707
LIVINGSTON,36051,2018,64257,580,0.1439137315,38.94074074,69.56790123,0.0490422192,2236676,0.164,0.0571721522
LIVINGSTON,36051,2019,63799,695,0.1439137315,38.17777778,71.58024691,0.0508190918,2225617,0.146,0.0459803595
LIVINGSTON,36051,2020,63227,8,0.1544869628,39.80418033,71.05737705,0.0432413144,2086680,0.141,0.0441526692
LIVINGSTON,36051,2021,62914,564,0.1655310173,40.65555556,69.16872428,0.042407082,2151994,0.164,0.0450944285
LIVINGSTON,36051,2022,62398,947,0.165,40.66148148,70.05761317,0.070530656,2235630,0.123,0.0458230372
MADISON,36053,2012,69954,321,0.137,41.00221311,73.69672131,0.084,2320641,0.161,0.11
MADISON,36053,2013,73365,218,0.138,36.76888889,75.91769547,0.081,2306137,0.175,0.114
MADISON,36053,2014,72382,390,0.149,33.81111111,73.81069959,0.0866653645,2350925,0.181,0.0975584559
MADISON,36053,2015,72382,198,0.149,34.16074074,73.71193416,0.0775874274,2334865,0.193,0.0955035563
MADISON,36053,2016,72369,481,0.121,39.40655738,72.90983607,0.0641079335,2260296,0.175,0.086699819
MADISON,36053,2017,71849,645,0.1183866825,37.87481481,76.34979424,0.056948017,2318670,0.181,0.0715331557
MADISON,36053,2018,71329,596,0.1280213285,35.84,74.33333333,0.0524259994,2362798,0.159,0.055492093
MADISON,36053,2019,70965,639,0.1280213285,34.74814815,77.09465021,0.0557892811,2331000,0.144,0.048573757100000003
MADISON,36053,2020,70795,20,0.1312679604,36.3502459,75.34836066,0.0479313515,2260449,0.143,0.0498426313
MADISON,36053,2021,70941,545,0.1421215074,37.19185185,74.16872428,0.0448635781,2274729,0.132,0.0484732327
MADISON,36053,2022,70478,1110,0.158,37.2762963,74.63374486,0.0779665197,2385579,0.139,0.0433453372
MONROE,36055,2012,733703,3901,0.159,43.42040984,71.46311475,0.08,46324111,0.21,0.094
MONROE,36055,2013,745625,1812,0.155,39.31037037,72.51028807,0.076,45589939,0.235,0.1
MONROE,36055,2014,747813,5136,0.166,35.94592593,70.37037037,0.0795651207,45404640,0.218,0.1011447703
MONROE,36055,2015,749606,2643,0.166,36.58444444,70.71604938,0.0702415095,46201818,0.227,0.0908038721
MONROE,36055,2016,749857,3190,0.131,41.4197541,70.13934426,0.0577910595,46260004,0.222,0.0937598858
MONROE,36055,2017,749600,7388,0.1331202716,41.74074074,72.38683128,0.0516712413,46562059,0.22,0.0696590926
MONROE,36055,2018,747727,5967,0.1464245027,39.43851852,71.48148148,0.046740251,46700066,0.21,0.0554496717
MONROE,36055,2019,747642,5713,0.1464245027,37.91037037,73.83950617,0.0499267277,48018639,0.222,0.0488497112
MONROE,36055,2020,742474,57,0.1377738944,39.76877049,73.35655738,0.0426034427,46954464,0.189,0.046771624
MONROE,36055,2021,741770,5321,0.1598888889,41.06814815,70.12345679,0.041652134,49479424,0.189,0.0428637483
MONROE,36055,2022,740900,11780,0.166,40.58518519,73.61728395,0.0856501131,49712510,0.204,0.0421564619
MONTGOMERY,36057,2012,48616,135,0.147,42.50934426,71.94672131,0.098,1711399,0.279,0.113
MONTGOMERY,36057,2013,49916,76,0.136,38.30814815,72.88477366,0.098,1764627,0.293,0.13
MONTGOMERY,36057,2014,49941,128,0.122,35.30962963,71.30864198,0.1037743815,1773294,0.308,0.1077753048
MONTGOMERY,36057,2015,49897,185,0.122,35.79777778,70.74897119,0.0908664506,1750685,0.285,0.1131666707
MONTGOMERY,36057,2016,49779,291,0.145,41.03614754,69.95081967,0.0746785361,1836688,0.273,0.1152379089
MONTGOMERY,36057,2017,49642,464,0.1741223634,38.99185185,73.67489712,0.0668518684,1854588,0.279,0.0832003535
MONTGOMERY,36057,2018,49276,451,0.1617757453,36.66666667,73.67078189,0.0567281147,1888265,0.319,0.0745758514
MONTGOMERY,36057,2019,49258,660,0.1617757453,35.67185185,74.59259259,0.0579537429,1940984,0.287,0.0595351639
MONTGOMERY,36057,2020,49455,15,0.172821441,37.56598361,73.04918033,0.0514797647,1868484,0.247,0.0619339907
MONTGOMERY,36057,2021,49221,260,0.2039581127,37.98592593,73.55555556,0.0507935085,1905546,0.255,0.0530750849
MONTGOMERY,36057,2022,49170,1174,0.215,38.14296296,73.08641975,0.0877814089,1971714,0.202,0.0521043106
NASSAU,36059,2012,1357429,3789,0.122,48.0657377,71.75,0.071,99436369,0.081,0.105
NASSAU,36059,2013,1344436,2569,0.115,44.34962963,72.68312757,0.067,96864840,0.093,0.116
NASSAU,36059,2014,1349233,3311,0.114,41.98296296,70.88888889,0.0706935557,97250567,0.093,0.1003653803
NASSAU,36059,2015,1352146,2888,0.114,41.95703704,71.32510288,0.0593885987,98758548,0.091,0.0995937813
NASSAU,36059,2016,1358627,4296,0.121,46.80795082,72.06147541,0.0476739076,100104119,0.093,0.1030074306
NASSAU,36059,2017,1361350,7886,0.110369608,45.42814815,71.61728395,0.0431278429,100715893,0.084,0.0719754662
NASSAU,36059,2018,1361500,5810,0.1225295812,44.16444444,71.6255144,0.0389414005,100324947,0.081,0.0653216964
NASSAU,36059,2019,1369514,6285,0.1225295812,43.84814815,71.49794239,0.0414761644,100889722,0.077,0.0502511489
NASSAU,36059,2020,1358343,468,0.1205441176,44.93122951,71.34016393,0.0353551121,98940960,0.076,0.0532768102
NASSAU,36059,2021,1356924,14837,0.1263438593,45.00740741,70.81069959,0.034446236399999997,101967831,0.065,0.0461192624
NASSAU,36059,2022,1351334,30472,0.142,45.53555556,70.97119342,0.0842802407,101670822,0.063,0.0480661879
NEW YORK,36061,2012,1629054,2561,0.173,47.2845082,70.3852459,0.08,627212574,0.232,0.133
NEW YORK,36061,2013,1601948,2334,0.164,43.48444444,71.01234568,0.074,629682393,0.267,0.124
NEW YORK,36061,2014,1619090,1593,0.155,40.91777778,69.29218107,0.0773765927,652200331,0.265,0.1229569518
NEW YORK,36061,2015,1626159,2682,0.155,41.16592593,69.1399177,0.072337749,666022941,0.266,0.113788649
NEW YORK,36061,2016,1636268,2975,0.141,46.20893443,69.81557377,0.0605094915,682756899,0.235,0.1087640902
NEW YORK,36061,2017,1644518,6250,0.1516054705,45.18740741,70.0781893,0.0482095586,708516749,0.249,0.0886971019
NEW YORK,36061,2018,1643734,5135,0.1453223693,44.50814815,69.38271605,0.0453229076,726431074,0.236,0.078594351
NEW YORK,36061,2019,1664727,9477,0.1453223693,44.18962963,69.84773663,0.0403920872,743712080,0.234,0.0633727771
NEW YORK,36061,2020,1628701,233,0.156102798,45.10090164,69.72540984,0.0367206651,728710703,0.197,0.0615572813
NEW YORK,36061,2021,1628706,4630,0.1556601935,45.12148148,69.44444444,0.0350720352,777436872,0.173,0.0614092312
NEW YORK,36061,2022,1611989,16614,0.167,45.80148148,69.09876543,0.0954319244,795085382,0.193,0.0564922412
NIAGARA,36063,2012,214557,123,0.145,44.22672131,70.55327869,0.091,9379065,0.199,0.104
NIAGARA,36063,2013,216011,66,0.144,40.21333333,70.70781893,0.084,9480554,0.186,0.112
NIAGARA,36063,2014,215124,256,0.144,36.59703704,69.90946502,0.0899406895,9585193,0.229,0.1075373001
NIAGARA,36063,2015,214249,236,0.144,37.15333333,70.32510288,0.0801414635,9323929,0.195,0.0983017876
NIAGARA,36063,2016,213525,261,0.129,42.31459016,69.1557377,0.069498183,9714032,0.18,0.1021355299
NIAGARA,36063,2017,212652,870,0.1358948453,42.41703704,70.44444444,0.0623388636,9718809,0.233,0.0715800606
NIAGARA,36063,2018,211758,952,0.1584632411,39.3837037,70.41152263,0.0577245533,9635152,0.184,0.054728298
NIAGARA,36063,2019,211328,767,0.1584632411,38.17037037,72.06584362,0.0621353847,9916960,0.176,0.049912332
NIAGARA,36063,2020,210433,72,0.1424343464,40.16860656,71.21311475,0.0524218766,9772574,0.185,0.0509181773
NIAGARA,36063,2021,209281,435,0.1762014794,41.38518519,69.17695473,0.0495920475,9863186,0.169,0.0443344177
NIAGARA,36063,2022,208396,1714,0.173,40.93555556,71.44855967,0.1039600428,9993442,0.147,0.0430522369
ONEIDA,36065,2012,231044,1740,0.138,41.93393443,73.56967213,0.078,10628561,0.237,0.115
ONEIDA,36065,2013,234287,1499,0.142,37.68962963,75.09876543,0.081,10480024,0.265,0.104
ONEIDA,36065,2014,233556,2005,0.139,34.55407407,73.58847737,0.0862221887,10462099,0.259,0.1102426254
ONEIDA,36065,2015,233585,1676,0.139,34.9362963,73.36625514,0.0774676781,10500410,0.256,0.1078911881
ONEIDA,36065,2016,232871,2695,0.13,40.10885246,72.69262295,0.0609736093,10692968,0.286,0.1005694457
ONEIDA,36065,2017,232500,3745,0.1474766642,38.62444444,76.02880658,0.0539247557,10681680,0.298,0.0782636335
ONEIDA,36065,2018,231190,2622,0.1568220777,36.67037037,74.51851852,0.0484479886,10827678,0.259,0.0604342575
ONEIDA,36065,2019,231332,3462,0.1568220777,35.60592593,75.8436214,0.050887145,11071083,0.249,0.0496410348
ONEIDA,36065,2020,229577,206,0.155782081,37.32254098,74.36885246,0.0442155138,10984963,0.201,0.0566955549
ONEIDA,36065,2021,228671,1796,0.1860436951,38.16740741,73.77366255,0.0428091331,11116294,0.193,0.0495015176
ONEIDA,36065,2022,227346,3846,0.181,38.13925926,74.77777778,0.0812236706,11290714,0.177,0.0533918985
ONONDAGA,36067,2012,454753,2130,0.143,41.97008197,73.16393443,0.08,28725590,0.195,0.106
ONONDAGA,36067,2013,466960,1259,0.131,37.77555556,75.02469136,0.077,28856431,0.225,0.118
ONONDAGA,36067,2014,466852,2523,0.131,34.59481481,73.1563786,0.0810734563,29724001,0.217,0.1081604076
ONONDAGA,36067,2015,468387,1449,0.131,35.06592593,72.80658436,0.0703764466,30938629,0.214,0.0963654915
ONONDAGA,36067,2016,468196,2272,0.127,40.11180328,72.56967213,0.0556633325,30753398,0.237,0.105172275
ONONDAGA,36067,2017,468463,3298,0.1382114444,40.08222222,73.81893004,0.0496648182,30750604,0.208,0.0717154451
ONONDAGA,36067,2018,466194,2803,0.1409191089,38.52074074,71.65020576,0.0449726356,30932707,0.199,0.058138013
ONONDAGA,36067,2019,465398,4451,0.1409191089,37.29851852,74.03703704,0.0473615127,31732585,0.199,0.0521061428
ONONDAGA,36067,2020,461809,65,0.1431436485,39.00229508,72.39344262,0.0399780768,31324226,0.202,0.0503381197
ONONDAGA,36067,2021,460528,2884,0.1522302343,39.87851852,71.18518519,0.0393291287,32243962,0.187,0.0470482648
ONONDAGA,36067,2022,459214,6013,0.162,40.00814815,71.92592593,0.0836617789,32276366,0.196,0.0484401777
ONTARIO,36069,2012,105650,503,0.082,42.3507377,71.58606557,0.075,5381608,0.145,0.098
ONTARIO,36069,2013,108525,214,0.083,38.22962963,72.47736626,0.072,5737310,0.148,0.106
ONTARIO,36069,2014,108519,759,0.076,34.97407407,70.20987654,0.0749068301,5815988,0.144,0.0950611027
ONTARIO,36069,2015,109103,385,0.076,35.46518519,71.12345679,0.0655952655,6275835,0.133,0.0869575094
ONTARIO,36069,2016,109707,512,0.111,40.44893443,70.33606557,0.0525196605,5986681,0.152,0.0878286891
ONTARIO,36069,2017,109561,1376,0.1151011431,40.60592593,73.20987654,0.0481595148,6119513,0.137,0.0721982269
ONTARIO,36069,2018,109828,1011,0.1346996489,38.61259259,71.83127572,0.0431122449,6204114,0.14,0.0565834669
ONTARIO,36069,2019,109899,945,0.1346996489,37.36518519,74.58436214,0.0454372451,6364361,0.131,0.0449442076
ONTARIO,36069,2020,109864,4,0.1329013551,39.21622951,73.78278689,0.0393842137,6229898,0.111,0.0441789803
ONTARIO,36069,2021,109777,1188,0.1333282777,40.1762963,71.32510288,0.0388714281,6515664,0.104,0.0429111641
ONTARIO,36069,2022,110091,1916,0.144,40.11925926,72.78600823,0.0726824875,6482241,0.11,0.040764376
ORANGE,36071,2012,383532,631,0.171,45.46827869,69.84016393,0.083,16427692,0.169,0.124
ORANGE,36071,2013,374872,817,0.166,41.24740741,71.24691358,0.078,16526467,0.21,0.119
ORANGE,36071,2014,374512,1032,0.169,38.53555556,69.25514403,0.083112903899999993,16707153,0.191,0.1168090902
ORANGE,36071,2015,375592,889,0.169,39.14814815,68.44444444,0.0716890474,17351885,0.212,0.109538982
ORANGE,36071,2016,376099,1253,0.137,44.50704918,68.18442623,0.0548133059,17528691,0.208,0.1051150399
ORANGE,36071,2017,377647,2418,0.1423738466,42.80740741,70.66666667,0.0472595517,17921703,0.201,0.0817357975
ORANGE,36071,2018,379210,1705,0.1609237728,41.56,69.88888889,0.0429107823,18570272,0.193,0.0647626722
ORANGE,36071,2019,382226,2692,0.1609237728,41.29037037,70.57613169,0.0459580187,19708182,0.165,0.0609643117
ORANGE,36071,2020,381951,63,0.1487956046,42.37139344,69.69262295,0.0392611981,19731336,0.175,0.056627221
ORANGE,36071,2021,384940,4534,0.1719323477,42.5962963,69.83127572,0.0380192989,20327994,0.18,0.0542924796
ORANGE,36071,2022,385234,12591,0.173,42.87703704,69.82716049,0.0835293155,20508668,0.157,0.0490568033
ORLEANS,36073,2012,42051,132,0.185,43.39163934,71.20491803,0.099,1367224,0.219,0.134
ORLEANS,36073,2013,42622,65,0.202,39.32444444,71.58436214,0.092,1400614,0.206,0.13
ORLEANS,36073,2014,42836,104,0.191,35.81185185,70.27572016,0.1040754638,1355338,0.233,0.1174404088
ORLEANS,36073,2015,42235,80,0.191,36.40148148,70.91358025,0.0897865216,1416287,0.247,0.1147782525
ORLEANS,36073,2016,41984,80,0.138,41.47213115,69.5942623,0.0761904762,1368633,0.215,0.1103219838
ORLEANS,36073,2017,41582,400,0.1438989219,41.62074074,71.65843621,0.0646843448,1367534,0.226,0.0931330992
ORLEANS,36073,2018,41346,270,0.1776824211,38.81407407,71.5473251,0.0567180926,1353843,0.222,0.0700917318
ORLEANS,36073,2019,40983,266,0.1776824211,37.55037037,73.67901235,0.0594515621,1370409,0.237,0.0639623641
ORLEANS,36073,2020,40612,8,0.1571564985,39.47590164,72.65163934,0.049386921,1375231,0.176,0.0555326896
ORLEANS,36073,2021,40352,100,0.2050561742,40.76148148,69.91769547,0.0470769056,1447993,0.192,0.0529443891
ORLEANS,36073,2022,39978,647,0.198,40.35777778,72.52263374,0.0835763443,1414413,0.201,0.0590184169
OSWEGO,36075,2012,121377,762,0.177,42.3042623,74.37704918,0.105,6525487,0.237,0.114
OSWEGO,36075,2013,122228,434,0.174,38.18222222,75.63374486,0.103,6819577,0.262,0.116
OSWEGO,36075,2014,121700,948,0.164,34.8,74.3909465,0.105588979,6617568,0.234,0.109345026
OSWEGO,36075,2015,121165,529,0.164,35.26814815,74.13580247,0.0948038027,6796114,0.277,0.1037495666
OSWEGO,36075,2016,120913,718,0.136,40.39434426,73.40983607,0.0803199013,6653739,0.279,0.1015720314
OSWEGO,36075,2017,120146,1333,0.1517464373,40.03111111,75.25102881,0.0720740417,6765208,0.252,0.0819827447
OSWEGO,36075,2018,118987,1013,0.1613606362,38.10074074,73.14814815,0.0640683096,6561932,0.231,0.0648094291
OSWEGO,36075,2019,118478,1170,0.1613606362,36.66148148,74.86419753,0.0653241834,6760163,0.232,0.0528136819
OSWEGO,36075,2020,117898,11,0.1536428631,38.60540984,73.40163934,0.0547478419,6730046,0.23,0.0526951644
OSWEGO,36075,2021,117124,665,0.1782184359,39.47333333,72.67489712,0.0543429003,6839370,0.25,0.0527969764
OSWEGO,36075,2022,116346,3012,0.187,39.44666667,73.93415638,0.0892566416,6646106,0.192,0.0527164449
OTSEGO,36077,2012,61602,172,0.152,39.50983607,72.44262295,0.077,2490157,0.189,0.124
OTSEGO,36077,2013,61917,72,0.137,35.26592593,74.38271605,0.076,2499755,0.225,0.13
OTSEGO,36077,2014,61709,233,0.14,32.28296296,72.77777778,0.0799961709,2454211,0.183,0.1111324376
OTSEGO,36077,2015,61683,100,0.14,32.62296296,72.38683128,0.0695070151,2492659,0.216,0.1118297246
OTSEGO,36077,2016,61128,272,0.126,38.15909836,70.82786885,0.0568632637,2515779,0.223,0.122422344
OTSEGO,36077,2017,60636,408,0.1458096907,37.09333333,75.12757202,0.0532957444,2594280,0.199,0.0904219988
OTSEGO,36077,2018,60097,399,0.1476506694,35.78888889,73.97942387,0.0488347458,2653269,0.193,0.0637400126
OTSEGO,36077,2019,60094,625,0.1476506694,35.10592593,75.78600823,0.0508306472,2675228,0.196,0.0610076545
OTSEGO,36077,2020,59749,57,0.1480165796,36.52729508,73.82377049,0.043485978,2617924,0.159,0.0519099149
OTSEGO,36077,2021,59493,431,0.1551671666,37.11037037,73.74485597,0.0421952958,2650311,0.186,0.0553315202
OTSEGO,36077,2022,58701,1097,0.169,37.28148148,73.48559671,0.0721990454,2640189,0.168,0.0514383692
PUTNAM,36079,2012,99265,252,0.083,43.89032787,70.32377049,0.069,3676915,0.06,0.08
PUTNAM,36079,2013,99933,202,0.067,39.74814815,71.70781893,0.066,3689497,0.065,0.099
PUTNAM,36079,2014,99607,220,0.063,37.18074074,69.67078189,0.0672306405,3752368,0.064,0.0917833921
PUTNAM,36079,2015,99645,236,0.063,37.5562963,69.28395062,0.0583800973,3703727,0.067,0.0937354933
PUTNAM,36079,2016,99487,452,0.103,42.85680328,68.99180328,0.0488217836,3840482,0.07,0.0906238022
PUTNAM,36079,2017,99042,660,0.1091831572,41.627407410000004,71.50617284,0.0433960033,3853137,0.065,0.0729964759
PUTNAM,36079,2018,98900,400,0.1138392841,40.66074074,72.43621399,0.0398509061,3895108,0.064,0.0550903269
PUTNAM,36079,2019,99323,494,0.1138392841,40.28592593,72,0.0425262502,3903616,0.059,0.0480957298
PUTNAM,36079,2020,98892,144,0.1198060452,41.43377049,71.48360656,0.0369188607,3734117,0.066,0.0491064359
PUTNAM,36079,2021,98320,1523,0.1336695379,41.74962963,70.9382716,0.0369705251,3955845,0.056,0.0422754195
PUTNAM,36079,2022,98532,3125,0.142,42.15777778,71.06584362,0.0755805827,3952496,0.056,0.0420106242
QUEENS,36081,2012,2306712,3372,0.189,48.20737705,69.85245902,0.085,88252700,0.22,0.188
QUEENS,36081,2013,2247848,3884,0.178,44.47925926,70.55144033,0.081,90286458,0.218,0.207
QUEENS,36081,2014,2272771,3009,0.177,42.10222222,68.781893,0.0829825579,92912911,0.235,0.2035377389
QUEENS,36081,2015,2296175,4973,0.177,42.2237037,68.8436214,0.0775487654,95725972,0.216,0.1922446462
QUEENS,36081,2016,2321580,6194,0.175,47.02778689,69.92622951,0.063806336,96815409,0.21,0.1916433119
QUEENS,36081,2017,2339150,13511,0.1734158946,45.65185185,69.95884774,0.049819706,98123455,0.196,0.1586393591
QUEENS,36081,2018,2333054,11110,0.184805006,44.63111111,70.07407407,0.045260147,105431556,0.182,0.12944334
QUEENS,36081,2019,2358582,20539,0.184805006,44.26148148,70.15226337,0.039710424,105734487,0.163,0.1133944327
QUEENS,36081,2020,2278906,393,0.1851035865,45.29713115,70.01229508,0.035936243,96481560,0.152,0.1019114436
QUEENS,36081,2021,2253858,9864,0.1858562509,45.27481481,69.8436214,0.034580572,99833416,0.144,0.1005858703
QUEENS,36081,2022,2225821,36397,0.209,45.87407407,69.6090535,0.1253238357,104179401,0.13,0.102656002
RENSSELAER,36083,2012,155541,241,0.144,40.72704918,70.11885246,0.078,6524007,0.196,0.097
RENSSELAER,36083,2013,159395,226,0.164,36.58740741,71.48971193,0.075,6460509,0.187,0.108
RENSSELAER,36083,2014,159835,356,0.165,33.69703704,69.74485597,0.0787367142,6655845,0.167,0.0975640929
RENSSELAER,36083,2015,159918,284,0.165,33.9837037,69.51851852,0.0675765848,6983819,0.207,0.0914588458
RENSSELAER,36083,2016,159774,386,0.121,39.46409836,68.61065574,0.0534262201,7319471,0.2,0.0842981242
RENSSELAER,36083,2017,160266,781,0.1199242472,37.99259259,72.44032922,0.0473134839,8028270,0.182,0.0665336757
RENSSELAER,36083,2018,160070,621,0.142048274,36.68666667,72.80246914,0.0425268778,7764612,0.176,0.0519412021
RENSSELAER,36083,2019,159722,714,0.142048274,35.56740741,73.68312757,0.0445932642,8828338,0.154,0.0486822278
RENSSELAER,36083,2020,159442,54,0.1501720205,37.45680328,71.19262295,0.0389144276,9573597,0.155,0.0453499988
RENSSELAER,36083,2021,158714,462,0.1488981093,38.16444444,71.23045267,0.0377239823,11219860,0.151,0.0424387655
RENSSELAER,36083,2022,158108,2051,0.154,38.15481481,71.40329218,0.0698062999,11354254,0.143,0.0421488908
RICHMOND,36085,2012,491730,434,0.139,48.10778689,69.56557377,0.087,14815045,0.172,0.099
RICHMOND,36085,2013,470467,659,0.125,44.35481481,70.17695473,0.082,15187466,0.185,0.097
RICHMOND,36085,2014,470728,409,0.115,41.72518519,68.93004115,0.0849341191,15293141,0.164,0.0968735378
RICHMOND,36085,2015,472621,728,0.115,42.14074074,68.218107,0.0779643064,15503633,0.19,0.0987788392
RICHMOND,36085,2016,473279,778,0.132,46.98278689,69.41803279,0.0724209998,15629274,0.209,0.1018911511
RICHMOND,36085,2017,474558,2258,0.1410340191,45.96592593,70.23868313,0.0575794594,15913484,0.183,0.0791522437
RICHMOND,36085,2018,476015,1731,0.1772890061,45.55185185,69.72016461,0.052361113,16937194,0.186,0.0642485129
RICHMOND,36085,2019,479458,2134,0.1772890061,45.29333333,70.22222222,0.0459008302,16770929,0.168,0.0543075093
RICHMOND,36085,2020,476179,106,0.1542136589,46.08721311,69.98360656,0.0413015987,16731039,0.152,0.0493528375
RICHMOND,36085,2021,476143,2788,0.1679300047,46.05925926,70.05349794,0.038615682899999997,17112965,0.139,0.0530720833
RICHMOND,36085,2022,475327,6440,0.184,46.72740741,69.69958848,0.106394269,17411156,0.15,0.0494016678
ROCKLAND,36087,2012,300173,266,0.143,45.59959016,70.49590164,0.071,20744349,0.183,0.106
ROCKLAND,36087,2013,315158,269,0.116,41.54814815,71.63786008,0.065,19505576,0.234,0.122
ROCKLAND,36087,2014,317757,421,0.119,38.95259259,69.58847737,0.0689580424,19456522,0.261,0.1168130931
ROCKLAND,36087,2015,320903,378,0.119,39.27037037,69.38271605,0.0592741628,20078244,0.246,0.1080255091
ROCKLAND,36087,2016,323866,745,0.131,44.54909836,69.34836066,0.051203277,19153297,0.255,0.1126097553
ROCKLAND,36087,2017,326037,1414,0.14568805,43.30518519,70.61728395,0.0459082361,17685761,0.23,0.0887645664
ROCKLAND,36087,2018,326780,1452,0.1408907799,42.4837037,69.71604938,0.0416945505,17338779,0.254,0.0750406397
ROCKLAND,36087,2019,328868,2544,0.1408907799,42.04740741,70.30864198,0.0439330002,17469672,0.218,0.0650641519
ROCKLAND,36087,2020,325695,39,0.1725121554,43.14672131,69.72131148,0.037336109,17274566,0.232,0.0596700098
ROCKLAND,36087,2021,325789,6072,0.1624403041,43.46296296,68.81069959,0.0356358342,18793647,0.216,0.0534908954
ROCKLAND,36087,2022,326225,11977,0.17,44.0562963,68.7037037,0.080809402,18463165,0.25,0.0560480591
SARATOGA,36091,2012,220069,739,0.116,41.86385246,71.68032787,0.068,10304665,0.084,0.092
SARATOGA,36091,2013,220882,652,0.124,37.97407407,71.76131687,0.066,10514216,0.09,0.092
SARATOGA,36091,2014,222133,1142,0.121,34.58888889,71.218107,0.0697229125,10470057,0.089,0.0802376775
SARATOGA,36091,2015,223865,717,0.121,35.20592593,69.83539095,0.0591224371,10976368,0.097,0.0732424557
SARATOGA,36091,2016,224921,1041,0.098,40.5942623,69.17213115,0.0464804334,11236794,0.096,0.072389198
SARATOGA,36091,2017,226249,2163,0.097593204,38.93259259,73.39917695,0.042117333,11692407,0.085,0.0542101672
SARATOGA,36091,2018,227053,1733,0.1116044639,37.24444444,72.8600823,0.0379378097,12102126,0.077,0.0492062222
SARATOGA,36091,2019,229869,2088,0.1116044639,35.85703704,74.10288066,0.0401917591,12270428,0.079,0.0426771729
SARATOGA,36091,2020,230163,51,0.1111918661,38.0595082,71.95081967,0.0351901968,11569184,0.074,0.0377282485
SARATOGA,36091,2021,229863,1287,0.1303519147,38.74222222,72.35802469,0.0338196342,12268460,0.072,0.040686654
SARATOGA,36091,2022,230298,3517,0.13,38.71777778,72.37860082,0.0670537522,12440793,0.063,0.0355531657
SCHENECTADY,36093,2012,152169,344,0.133,41.1645082,70.51229508,0.077,8077136,0.187,0.107
SCHENECTADY,36093,2013,155058,288,0.144,37.13185185,71.05349794,0.075,8158370,0.234,0.118
SCHENECTADY,36093,2014,155124,696,0.154,34.08740741,69.46090535,0.0790616508,7997416,0.201,0.1064600164
SCHENECTADY,36093,2015,155333,748,0.154,34.62814815,68.87242798,0.0689632205,8146459,0.238,0.0910276008
SCHENECTADY,36093,2016,155735,915,0.121,39.92959016,67.97540984,0.0537647105,8317609,0.209,0.0957368229
SCHENECTADY,36093,2017,154604,1965,0.1194632187,39.08592593,71.49382716,0.0476320797,8510436,0.183,0.077177534
SCHENECTADY,36093,2018,154553,1547,0.1432455321,37.77555556,71.30864198,0.0431060636,8398130,0.182,0.0568939126
SCHENECTADY,36093,2019,155565,1814,0.1432455321,36.61777778,72.50617284,0.0453350768,8699549,0.188,0.0483377492
SCHENECTADY,36093,2020,155350,33,0.1469471284,38.64081967,70.20901639,0.0401425894,8349438,0.173,0.0484153126
SCHENECTADY,36093,2021,155299,472,0.1622309867,39.19407407,70.62139918,0.0384332088,9219488,0.196,0.0477028441
SCHENECTADY,36093,2022,155358,2049,0.169,39.18074074,70.69547325,0.0806239844,9062705,0.154,0.047958275
SCHOHARIE,36095,2012,31529,51,0.118,38.89385246,71.02868852,0.094,939130,0.171,0.121
SCHOHARIE,36095,2013,32578,32,0.116,34.58148148,72.92592593,0.094,953008,0.187,0.121
SCHOHARIE,36095,2014,32099,58,0.095,31.73703704,71.14814815,0.0952750809,941388,0.196,0.1118347095
SCHOHARIE,36095,2015,31844,47,0.095,32.11111111,70.79835391,0.0831357049,966477,0.188,0.1062308884
SCHOHARIE,36095,2016,31566,68,0.116,37.60213115,69.03688525,0.0664834797,974096,0.215,0.1074036716
SCHOHARIE,36095,2017,31330,170,0.1245513425,36.21333333,73.25514403,0.0583961249,1050031,0.212,0.0834493489
SCHOHARIE,36095,2018,31317,163,0.1428223179,34.87481481,72.32098765,0.0539145787,1060363,0.179,0.0619380619
SCHOHARIE,36095,2019,31420,193,0.1428223179,33.91555556,74.41975309,0.0551845106,1062250,0.191,0.0566298343
SCHOHARIE,36095,2020,31097,24,0.1479511209,35.35729508,72.45491803,0.0481927711,982022,0.161,0.0522257721
SCHOHARIE,36095,2021,30999,96,0.1646052996,36.05111111,72.3127572,0.0466625675,978622,0.166,0.0524584488
SCHOHARIE,36095,2022,31132,547,0.174,36.22,72,0.0711911357,1003334,0.155,0.0510248966
SCHUYLER,36097,2012,18720,47,0.157,41.81,72.10655738,0.084,541792,0.234,0.129
SCHUYLER,36097,2013,18361,31,0.164,37.66962963,73.08230453,0.078,544635,0.23,0.128
SCHUYLER,36097,2014,18514,100,0.15,34.46148148,71.42386831,0.0844123256,570922,0.226,0.1177213507
SCHUYLER,36097,2015,18460,41,0.15,34.9962963,71.65020576,0.076446071,549279,0.258,0.1076768354
SCHUYLER,36097,2016,18479,54,0.12,40.08598361,71.04098361,0.0692469107,543031,0.239,0.1075086482
SCHUYLER,36097,2017,18186,51,0.1330432281,39.90962963,74.24279835,0.0655985139,521078,0.199,0.0743734293
SCHUYLER,36097,2018,18099,294,0.1688335105,37.86222222,72.44444444,0.05958268,532748,0.221,0.0650642354
SCHUYLER,36097,2019,18000,285,0.1688335105,37.24074074,74.79012346,0.058738391,528693,0.23,0.0562946366
SCHUYLER,36097,2020,17912,5,0.15251774840000001,38.56778689,74.22540984,0.051161103,532809,0.211,0.05261675
SCHUYLER,36097,2021,17807,89,0.1693711125,39.25333333,73.20164609,0.0465058751,510398,0.223,0.0509722619
SCHUYLER,36097,2022,17685,407,0.181,39.48074074,73.0781893,0.086038961,531436,0.168,0.0482618477
SENECA,36099,2014,35305,125,0.237,35.98296296,72.28395062,0.0791409238,1404871,0.19,0.1151097592
SENECA,36099,2015,35409,40,0.237,36.42148148,72.43621399,0.0689114168,1415042,0.217,0.1150773101
SENECA,36099,2016,34884,107,0.127,41.31278689,72.28688525,0.0565189467,1399366,0.211,0.1026335312
SENECA,36099,2017,34833,303,0.1372513299,41.69185185,73.41975309,0.0521121448,1468476,0.212,0.0897518469
SENECA,36099,2018,34777,291,0.1518662166,40.12888889,71.06584362,0.0473674035,1480209,0.211,0.0693953559
SENECA,36099,2019,34498,207,0.1518662166,39.2162963,72.67489712,0.0459854912,1577828,0.192,0.0632188315
SENECA,36099,2020,34300,3,0.1464891812,40.92032787,71.88934426,0.0386647604,1442079,0.199,0.0628055219
SENECA,36099,2021,34016,181,0.1867697349,41.68444444,70.29218107,0.0382479566,1569143,0.194,0.0556279878
SENECA,36099,2022,33991,725,0.186,41.70814815,71.76131687,0.0817667937,1567031,0.191,0.054569494
STEUBEN,36101,2012,96552,347,0.159,41.17631148,71.98770492,0.099,4371363,0.216,0.114
STEUBEN,36101,2013,99033,147,0.161,36.7762963,73.48971193,0.094,4545166,0.282,0.128
STEUBEN,36101,2014,99063,295,0.151,33.74444444,71.33333333,0.0982838254,4713274,0.237,0.1240566038
STEUBEN,36101,2015,98650,127,0.151,34.16814815,72.26748971,0.0887822845,4509558,0.247,0.111804878
STEUBEN,36101,2016,98394,297,0.122,39.46852459,71.00409836,0.0692163463,4412788,0.241,0.1128964788
STEUBEN,36101,2017,97631,608,0.1441897716,39.40888889,73.44855967,0.0639887052,4355031,0.227,0.0815521944
STEUBEN,36101,2018,96940,784,0.1623867605,37.08888889,71.73251029,0.0579539145,4510992,0.214,0.05908782
STEUBEN,36101,2019,96281,1218,0.1623867605,36.58222222,74.30041152,0.0580224573,4573291,0.191,0.0587070144
STEUBEN,36101,2020,95796,15,0.1595104426,37.9104918,73.71721311,0.0491872197,4422134,0.187,0.0608878341
STEUBEN,36101,2021,95379,502,0.1741997526,38.69333333,72.08230453,0.0458137347,4491467,0.218,0.0522029267
STEUBEN,36101,2022,94657,2252,0.182,38.77777778,72.10288066,0.0816239113,4770115,0.184,0.0515960063
SUFFOLK,36103,2012,1518475,3582,0.126,48.56663934,71.17622951,0.076,94285380,0.084,0.115
SUFFOLK,36103,2013,1498816,2828,0.121,44.91185185,72.34979424,0.074,94461388,0.09,0.118
SUFFOLK,36103,2014,1499273,3122,0.114,42.85481481,70.36625514,0.076337629,95175859,0.097,0.1126620612
SUFFOLK,36103,2015,1499738,3079,0.114,42.59925926,71.56378601,0.0641414052,96596993,0.101,0.1148899529
SUFFOLK,36103,2016,1502968,4280,0.124,47.10008197,71.84016393,0.0532051842,97846818,0.104,0.1074485568
SUFFOLK,36103,2017,1501587,7630,0.1142788484,45.9837037,71.0617284,0.0479314955,98952851,0.107,0.0872624519
SUFFOLK,36103,2018,1492583,6243,0.1415251996,44.95111111,71.35802469,0.0432968743,98861762,0.105,0.0693884948
SUFFOLK,36103,2019,1492953,7335,0.1415251996,44.36074074,71,0.0454126735,100161991,0.089,0.0597969894
SUFFOLK,36103,2020,1481093,496,0.1307113322,45.37237705,70.90983607,0.0385094062,100469779,0.094,0.0544692073
SUFFOLK,36103,2021,1476601,14931,0.1419448182,45.69333333,70.73662551,0.0370679253,105028399,0.093,0.0490215417
SUFFOLK,36103,2022,1474273,25828,0.153,46.28444444,70.83127572,0.0849516849,105044946,0.062,0.0518142269
SULLIVAN,36105,2012,75828,133,0.171,42.35295082,71.06147541,0.092,2897165,0.279,0.149
SULLIVAN,36105,2013,76900,156,0.151,38.02814815,72.8436214,0.091,2884371,0.246,0.157
SULLIVAN,36105,2014,76793,290,0.153,35.35037037,70.63374486,0.096139222,2850706,0.267,0.1433777133
SULLIVAN,36105,2015,76665,472,0.153,35.72296296,70.55144033,0.0867007138,2865965,0.283,0.1388950982
SULLIVAN,36105,2016,75943,343,0.152,41.44336066,68.98770492,0.0667807191,2925287,0.258,0.1441631053
SULLIVAN,36105,2017,74877,553,0.1537983915,39.34740741,72.66666667,0.0552778681,2937040,0.292,0.1074355876
SULLIVAN,36105,2018,74801,390,0.1903673516,37.45333333,73.05761317,0.0475156919,3078439,0.254,0.0878188861
SULLIVAN,36105,2019,75485,566,0.1903673516,37.36148148,73.38683128,0.0492917028,3097957,0.248,0.068700622
SULLIVAN,36105,2020,75498,41,0.1714286287,38.7197541,71.26229508,0.0409491752,3016228,0.244,0.0653538669
SULLIVAN,36105,2021,75432,587,0.1977430433,38.99777778,71.81069959,0.0395056339,3165937,0.262,0.0616638761
SULLIVAN,36105,2022,75802,2305,0.201,38.99111111,72.22633745,0.0882879356,3267873,0.213,0.0628775211
TIOGA,36107,2012,50064,136,0.122,42.61631148,71.18032787,0.081,1533713,0.157,0.1
TIOGA,36107,2013,51043,114,0.143,38.52740741,72.08641975,0.081,1715733,0.165,0.11
TIOGA,36107,2014,50478,237,0.144,35.30962963,70.3909465,0.0841393824,1803710,0.166,0.0982367167
TIOGA,36107,2015,50243,119,0.144,35.99481481,70.08641975,0.0779621927,1864207,0.18,0.0925104853
TIOGA,36107,2016,49870,239,0.108,41.25967213,69.61885246,0.0609994591,1716005,0.18,0.0937340805
TIOGA,36107,2017,49453,613,0.1187407995,40.19703704,73.32921811,0.0563134855,1699235,0.178,0.0675848186
TIOGA,36107,2018,48760,495,0.1509722183,38.07703704,71.64609053,0.0510586916,1757032,0.192,0.0543011153
TIOGA,36107,2019,48578,871,0.1509722183,37.87333333,73.46502058,0.0517886674,1713988,0.158,0.047392043
TIOGA,36107,2020,48560,0,0.1369014989,38.93,72.57786885,0.0438696645,1595792,0.152,0.0474095797
TIOGA,36107,2021,48203,344,0.1535903237,39.5162963,72.26337449,0.0414774981,1564419,0.138,0.045626686
TIOGA,36107,2022,47904,1186,0.165,39.69185185,71.90946502,0.0782223828,1651349,0.121,0.0426972211
TOMPKINS,36109,2012,101779,254,0.122,42.8457377,73.07786885,0.061,6123189,0.154,0.105
TOMPKINS,36109,2013,101723,206,0.123,38.84296296,74.84773663,0.058,6018223,0.182,0.119
TOMPKINS,36109,2014,102554,423,0.119,35.59037037,73.25102881,0.059891998,5937712,0.153,0.1130777932
TOMPKINS,36109,2015,103617,419,0.119,35.98148148,73.13168724,0.0501287996,6082558,0.179,0.1134176115
TOMPKINS,36109,2016,104691,551,0.129,41.14680328,72.30327869,0.0432260308,6101705,0.172,0.1159969578
TOMPKINS,36109,2017,104926,1139,0.1334917507,40.61111111,75.26337449,0.0407252894,6140234,0.168,0.0807392996
TOMPKINS,36109,2018,104871,787,0.1488660186,38.76222222,73.58436214,0.0412844037,6184849,0.154,0.0640400329
TOMPKINS,36109,2019,104802,1315,0.1488660186,38.19407407,75.53909465,0.0438734001,6263722,0.15,0.056437637
TOMPKINS,36109,2020,102793,5,0.1356594945,39.41762295,74.69262295,0.0364982439,5812300,0.137,0.0534670008
TOMPKINS,36109,2021,102180,562,0.1345097946,40.09481481,73.79012346,0.0363444825,6050970,0.143,0.0479626486
TOMPKINS,36109,2022,101058,1161,0.147,40.29259259,73.89711934,0.0617997455,6163642,0.124,0.0467264586
ULSTER,36111,2012,181440,354,0.116,43.87040984,71.47540984,0.082,7134836,0.153,0.136
ULSTER,36111,2013,182448,259,0.107,39.59037037,73.03292181,0.082,7191471,0.178,0.131
ULSTER,36111,2014,181791,417,0.121,36.73185185,71.38683128,0.0882366456,7175535,0.166,0.1268931835
ULSTER,36111,2015,180998,313,0.121,37.24222222,70.9382716,0.0775196502,7139599,0.174,0.1341508605
ULSTER,36111,2016,180445,625,0.129,42.94311475,69.31967213,0.0577568229,7133664,0.173,0.1252570158
ULSTER,36111,2017,180143,674,0.1195803779,41.23259259,71.95061728,0.0490626201,7233714,0.183,0.0917505763
ULSTER,36111,2018,179225,333,0.1385539251,39.81333333,71.33744856,0.0440649927,7326583,0.176,0.0753572059
ULSTER,36111,2019,179417,517,0.1385539251,39.0837037,72.52674897,0.0460880814,7590366,0.174,0.0647416131
ULSTER,36111,2020,178599,20,0.1593383775,40.92254098,69.72131148,0.0389124357,7304982,0.162,0.0679615146
ULSTER,36111,2021,177573,624,0.1562053298,41.36296296,69.99176955,0.0376887287,7575067,0.161,0.0601659145
ULSTER,36111,2022,177716,3163,0.173,41.39111111,70.42798354,0.0800710092,7814064,0.136,0.0589535305
WARREN,36113,2012,66021,167,0.124,39.77467213,73.42213115,0.085,3940177,0.17,0.117
WARREN,36113,2013,65831,57,0.127,36.127407410000004,73.16872428,0.082,3951534,0.199,0.12
WARREN,36113,2014,65538,233,0.129,32.6162963,72.59670782,0.0863663191,4035493,0.18,0.1028084253
WARREN,36113,2015,65337,67,0.129,33.12296296,71.44855967,0.0756968691,4204673,0.189,0.1065289505
WARREN,36113,2016,64973,126,0.113,38.45418033,70.87295082,0.0650663689,4215843,0.205,0.1001566141
WARREN,36113,2017,64688,227,0.1170816443,37.17925926,73.77777778,0.0561617656,4299247,0.17,0.0728644186
WARREN,36113,2018,64567,152,0.1122265823,35.95777778,71.86419753,0.0524373847,4325448,0.183,0.0582828657
WARREN,36113,2019,64532,162,0.1122265823,34.38222222,73.22633745,0.0531875233,5430606,0.154,0.0515901894
WARREN,36113,2020,64265,53,0.127212378,36.62909836,71.34016393,0.0464536882,5296637,0.155,0.0520973753
WARREN,36113,2021,63944,1042,0.1539073307,37.43481481,71.8436214,0.0457203106,5549976,0.15,0.0486722999
WARREN,36113,2022,63756,1574,0.153,37.15925926,72.06584362,0.083913142,4948697,0.138,0.0433339442
WASHINGTON,36115,2012,62753,114,0.189,41.45663934,70.92213115,0.078,1968546,0.19,0.136
WASHINGTON,36115,2013,63165,81,0.173,37.59185185,71.35802469,0.075,1939275,0.218,0.134
WASHINGTON,36115,2014,62934,295,0.163,34.17481481,70.7037037,0.0782747604,1899044,0.209,0.1135729688
WASHINGTON,36115,2015,63093,121,0.163,34.5762963,69.85185185,0.0710521303,1864251,0.217,0.1130568787
WASHINGTON,36115,2016,62372,123,0.122,39.97606557,69.16803279,0.0604075945,1813499,0.204,0.108949024
WASHINGTON,36115,2017,62230,278,0.1294365996,38.8162963,72.10699588,0.05107611,1816234,0.204,0.0873548677
WASHINGTON,36115,2018,61800,241,0.1427603234,37.11111111,71.80246914,0.0464169095,1785621,0.17,0.0620888158
WASHINGTON,36115,2019,61620,169,0.1427603234,35.96962963,71.81893004,0.0469407802,1916502,0.176,0.0550497035
WASHINGTON,36115,2020,61197,30,0.1425873621,38.02704918,70.37704918,0.0413648629,1959140,0.16,0.0554770094
WASHINGTON,36115,2021,61204,666,0.1820114547,38.55481481,71.6872428,0.0407099996,2052494,0.172,0.0538820807
WASHINGTON,36115,2022,60606,1328,0.183,38.6762963,70.84773663,0.0715698484,2017629,0.161,0.0507008133
WAYNE,36117,2012,91291,628,0.163,43.5804918,71.56557377,0.088,3701159,0.163,0.111
WAYNE,36117,2013,93436,197,0.186,39.44666667,72.93004115,0.081,3796021,0.206,0.115
WAYNE,36117,2014,92962,930,0.206,36.10074074,71.04115226,0.0857814087,3600377,0.171,0.1134383994
WAYNE,36117,2015,92473,375,0.206,36.71925926,71.02880658,0.0752051633,3734618,0.177,0.1037640139
WAYNE,36117,2016,92051,463,0.121,41.52303279,70.67213115,0.0615425961,3878439,0.184,0.1010666632
WAYNE,36117,2017,91446,1413,0.1247921421,41.5562963,72.56790123,0.0541129431,3928468,0.169,0.0784578301
WAYNE,36117,2018,90798,1104,0.1627591731,39.19481481,71.88888889,0.0494756351,3951555,0.164,0.0637054663
WAYNE,36117,2019,90670,922,0.1627591731,37.76296296,74.11934156,0.0504497547,4069115,0.163,0.0534533087
WAYNE,36117,2020,90064,6,0.154466836,39.70532787,72.80737705,0.0415479636,3823995,0.146,0.0478099521
WAYNE,36117,2021,89918,703,0.1635112126,40.77481481,71.01646091,0.0402646287,3891384,0.158,0.0484777679
WAYNE,36117,2022,89339,1378,0.174,40.52666667,73.24691358,0.0739032175,3985536,0.123,0.0426031393
WESTCHESTER,36119,2012,955962,2459,0.114,45.42106557,70.8852459,0.072,79014741,0.115,0.12
WESTCHESTER,36119,2013,955899,2738,0.112,41.30222222,72.27572016,0.068,78307384,0.136,0.127
WESTCHESTER,36119,2014,961670,2853,0.115,38.96222222,69.90534979,0.0723722641,79109021,0.129,0.1222706429
WESTCHESTER,36119,2015,968802,3610,0.115,39.14518519,69.88888889,0.062912556,79320460,0.134,0.1228973865
WESTCHESTER,36119,2016,972634,5128,0.129,44.27393443,70.39344262,0.0512357649,79910383,0.133,0.1189519317
WESTCHESTER,36119,2017,976396,8639,0.1361420866,43.26592593,71.38683128,0.0461148649,81820011,0.131,0.1025310344
WESTCHESTER,36119,2018,974542,5872,0.1428114462,42.6,71.02057613,0.0424961148,82990266,0.115,0.0822462906
WESTCHESTER,36119,2019,980244,7451,0.1428114462,42.1637037,71.17283951,0.0455539788,85453399,0.106,0.076608648
WESTCHESTER,36119,2020,967612,180,0.1480118878,43.22860656,70.66803279,0.0388802617,86807801,0.103,0.0692933903
WESTCHESTER,36119,2021,967506,10647,0.1371578715,43.41777778,70.04938272,0.0376231982,87567594,0.101,0.0580510745
WESTCHESTER,36119,2022,965802,23654,0.158,44.03259259,70.04526749,0.0840804337,89664635,0.085,0.0573622449
WYOMING,36121,2012,41398,86,0.135,40.17229508,73.18852459,0.092,1591024,0.159,0.138
WYOMING,36121,2013,41944,14,0.145,35.7762963,74.3127572,0.084,1630056,0.155,0.121
WYOMING,36121,2014,41892,81,0.141,32.6762963,72.13168724,0.0874094652,1750678,0.154,0.1129357088
WYOMING,36121,2015,41531,54,0.141,33.12888889,73.69547325,0.0776612141,1633749,0.169,0.1071975977
WYOMING,36121,2016,41188,63,0.121,38.45270492,72.14344262,0.0651241106,1619118,0.169,0.0957699997
WYOMING,36121,2017,41013,284,0.1262012469,38.48740741,75.35390947,0.0573258781,1622473,0.173,0.0725855599
WYOMING,36121,2018,40791,288,0.1619844868,36.05555556,74.09053498,0.0529589871,1704437,0.144,0.0602932134
WYOMING,36121,2019,40493,454,0.1619844868,35.09481481,76.99176955,0.0568948358,1767352,0.15,0.0535661535
WYOMING,36121,2020,40085,9,0.1395407208,36.86147541,75.76639344,0.0463162549,1741745,0.122,0.0453308555
WYOMING,36121,2021,39859,98,0.1761662789,37.72148148,73.74485597,0.0438475539,1820322,0.126,0.0464527882
WYOMING,36121,2022,39465,444,0.177,37.68518519,74.80246914,0.0750857079,1826639,0.113,0.0440698827
YATES,36123,2016,25208,90,0.131,41.19696721,71.47131148,0.055769725,892124,0.237,0.13803493
YATES,36123,2017,25048,217,0.1306010964,40.72222222,73.28395062,0.0503219248,916163,0.221,0.1253390655
YATES,36123,2018,24923,198,0.1286833015,38.3037037,71.23868313,0.0441289006,906406,0.235,0.0964535335
YATES,36123,2019,24955,299,0.1286833015,37.32814815,73.87242798,0.0446932148,951410,0.244,0.095058626500000007
YATES,36123,2020,24841,0,0.1467449208,38.94696721,73.4057377,0.0379360095,951233,0.211,0.0838794926
YATES,36123,2021,24913,162,0.1571834288,39.8362963,71.13168724,0.037302726,1074448,0.262,0.0843269954
YATES,36123,2022,24780,324,0.179,39.94814815,71.99588477,0.0651307812,1051617,0.222,0.082815735
